table_no,table_title,source_table_index,source_row,row_kind,subsection,explicit_code,effective_parent_code,work_type,basis,unit_raw,time_norm_raw_person_hours
1,1. Йўл пойини сақлаш учун вақт меъёрлари,2,3,heading,"1. Йўл ёқаси, қияликлар ва йўл минтақаси",,,"1. Йўл ёқаси, қияликлар ва йўл минтақаси",,,
1,1. Йўл пойини сақлаш учун вақт меъёрлари,2,4,norm,"1. Йўл ёқаси, қияликлар ва йўл минтақаси",1-1-1,1-1-1,"Чўккан жойлар, ювилиб кетган жойларга қўл кучи ёрдамида тупроқ солиш ва қотириш",К1-1,100 m2,"9,3"
1,1. Йўл пойини сақлаш учун вақт меъёрлари,2,5,norm,"1. Йўл ёқаси, қияликлар ва йўл минтақаси",1-1-2,1-1-2,Йўл четини чўккан қисмини қўл кучи билан автотранспорт воситасида ташиб келтирилган КША сидан тўлдириш.,К1-2,1 m3,"0,98"
1,1. Йўл пойини сақлаш учун вақт меъёрлари,2,6,heading,Йўл четини қўл кучи билан текислаш.,,1-1-2,Йўл четини қўл кучи билан текислаш.,К1-3,,
1,1. Йўл пойини сақлаш учун вақт меъёрлари,2,7,norm,Йўл четини қўл кучи билан текислаш.,1-1-3а,1-1-3а,I гуруҳ тупроқда,К1-3а,100 m2,"9,4"
1,1. Йўл пойини сақлаш учун вақт меъёрлари,2,8,norm,Йўл четини қўл кучи билан текислаш.,1-1-3б,1-1-3б,II гуруҳ тупроқда,К1-3б,100 m2,12
1,1. Йўл пойини сақлаш учун вақт меъёрлари,2,9,norm,Йўл четини қўл кучи билан текислаш.,1-1-3в,1-1-3в,III гуруҳ тупроқда,К1-3в,100 m2,18
1,1. Йўл пойини сақлаш учун вақт меъёрлари,2,10,norm,Йўл четини қўл кучи билан текислаш.,1-1-4,1-1-4,Йўл ёқасини чўккан қисмини автогрейдер (ўрта) ёрдамида ташиб келтирилган КША билан тўлдириш,К1-4,100 m2,"0,71"
1,1. Йўл пойини сақлаш учун вақт меъёрлари,2,11,norm,Йўл четини қўл кучи билан текислаш.,1-1-5,1-1-5,Йўл ёқасини чўккан қисмини резервдан ҚША олиб 6 m гача ташиш билан қўл кучи билан тўлдириш,К1-5,,
1,1. Йўл пойини сақлаш учун вақт меъёрлари,2,12,norm,Йўл четини қўл кучи билан текислаш.,1-1-5а,1-1-5а,50 mm гача чуқурликда,К1-5а,100 m2,"7,3"
1,1. Йўл пойини сақлаш учун вақт меъёрлари,2,13,norm,Йўл четини қўл кучи билан текислаш.,1-1-5б,1-1-5б,100 mm гача чуқурликда,К1-5б,100 m2,"11,2"
1,1. Йўл пойини сақлаш учун вақт меъёрлари,2,14,norm,Йўл четини қўл кучи билан текислаш.,1-1-6,1-1-6,Ўт ва ажриқлардан қўл кучи ёрдамида тозалаш,К1-6,100 m2,"0,83"
1,1. Йўл пойини сақлаш учун вақт меъёрлари,2,15,variant_or_continuation,Йўл четини қўл кучи билан текислаш.,,1-1-6,Ўт ва ажриқлардан майса ўргич (газонакасилка) ёрдамида тозалаш,,100 m2,"0,5"
1,1. Йўл пойини сақлаш учун вақт меъёрлари,2,16,norm,Йўл четини қўл кучи билан текислаш.,1-1-7,1-1-7,Тозалаб олинган ўт ва ажриқларни 50 m гача ташиш билан чиқариб ташлаш,К1-7,100 m2,"0,33"
1,1. Йўл пойини сақлаш учун вақт меъёрлари,2,17,norm,Йўл четини қўл кучи билан текислаш.,1-1-8,1-1-8,Механизация усулда ўт ва ажриқлардан тозалаш,К1-8,1 km,"0,94"
1,1. Йўл пойини сақлаш учун вақт меъёрлари,2,18,norm,Йўл четини қўл кучи билан текислаш.,1-1-9,1-1-9,Автогрейдер билан бир издан 3 марта юриб текислаш,К1-9,1 km,"0,87"
1,1. Йўл пойини сақлаш учун вақт меъёрлари,2,19,norm,Йўл четини қўл кучи билан текислаш.,1-1-10,1-1-10,Буталарни қўл кучи билан кесиш,К1-10,1 та бута,"0,34"
1,1. Йўл пойини сақлаш учун вақт меъёрлари,2,20,norm,Йўл четини қўл кучи билан текислаш.,1-1-11,1-1-11,Турли предмет ва чиқинди-лардан тозалаш,К1-11,1 km,0.98
1,1. Йўл пойини сақлаш учун вақт меъёрлари,2,21,norm,Йўл четини қўл кучи билан текислаш.,1-1-12,1-1-12,"Дарахтларни буташ, шакл бериш, шохларни жамлаш:",К1-12,,
1,1. Йўл пойини сақлаш учун вақт меъёрлари,2,22,norm,Йўл четини қўл кучи билан текислаш.,1-1-12а,1-1-12а,Ўзак қалинлиги 100 mm гача,К1-12а,1 дона,0.22
1,1. Йўл пойини сақлаш учун вақт меъёрлари,2,23,norm,Йўл четини қўл кучи билан текислаш.,1-1-12б,1-1-12б,Ўзак қалинлиги 150 mm гача,К1-12 б,1 дона,0.37
1,1. Йўл пойини сақлаш учун вақт меъёрлари,2,24,norm,Йўл четини қўл кучи билан текислаш.,1-1-12в,1-1-12в,Ўзак қалинлиги 200 mm гача,К1-12в,1 дона,0.47
1,1. Йўл пойини сақлаш учун вақт меъёрлари,2,25,norm,Йўл четини қўл кучи билан текислаш.,1-1-12г,1-1-12г,Ўзак қалинлиги 250 mm гача,К1-12г,1 дона,0.66
1,1. Йўл пойини сақлаш учун вақт меъёрлари,2,26,norm,Йўл четини қўл кучи билан текислаш.,1-1-12д,1-1-12д,Ўзак қалинлиги 400 mm гача,К1-12д,1 дона,0.9
1,1. Йўл пойини сақлаш учун вақт меъёрлари,2,27,norm,Йўл четини қўл кучи билан текислаш.,1-1-12е,1-1-12е,Ўзак қалинлиги 400 mm дан ортиқ,К1-12е,1 дона,1.25
1,1. Йўл пойини сақлаш учун вақт меъёрлари,2,28,norm,Йўл четини қўл кучи билан текислаш.,1-1-12ж,1-1-12ж,Якка буталар,К1-12ж,100 дона,"1,1"
1,1. Йўл пойини сақлаш учун вақт меъёрлари,2,29,heading,3. Йўл чети ариқчалари (кюветлар),,1-1-12ж,3. Йўл чети ариқчалари (кюветлар),,,
1,1. Йўл пойини сақлаш учун вақт меъёрлари,2,30,norm,3. Йўл чети ариқчалари (кюветлар),1-3-1,1-3-1,Автогрейдер билан юриб кювет профилини қайта тиклаш,К1-14,1 km,"0,25"
1,1. Йўл пойини сақлаш учун вақт меъёрлари,2,31,norm,3. Йўл чети ариқчалари (кюветлар),1-3-2,1-3-2,Кюветларни қўл кучи билан тозалаш,К1-15,1 m3,"1,3"
1,1. Йўл пойини сақлаш учун вақт меъёрлари,2,32,norm,3. Йўл чети ариқчалари (кюветлар),1-3-3,1-3-3,Кюветлар профилини қўл кучи билан тиклаш,К1-16,1 pm,0.06
1,1. Йўл пойини сақлаш учун вақт меъёрлари,2,33,norm,3. Йўл чети ариқчалари (кюветлар),1-3-4,1-3-4,Бетон ариқча (лоток) ларни қўл кучи билан тозалаш,К1-17,10 pm,"0,72"
1,1. Йўл пойини сақлаш учун вақт меъёрлари,2,34,norm,3. Йўл чети ариқчалари (кюветлар),1-1-6,1-1-6,Ўт ва ажриқлардан қўл кучи ёрдамида тозалаш,ШНК 47-01-080-7,100 m2,0.67
2,2. Асфальтбетон қопламаларни сақлаш учун вақт меъёрлари,3,3,norm,,2-1-1,2-1-1,Қопламанинг бузилган жойларини таъмирлаш:,К2-1,,
2,2. Асфальтбетон қопламаларни сақлаш учун вақт меъёрлари,3,4,variant_or_continuation,,,2-1-1,а) эски қопламани бузиб: 1 m2 юза гача 50 mm қалинликда,,1 m2,"0,66"
2,2. Асфальтбетон қопламаларни сақлаш учун вақт меъёрлари,3,5,variant_or_continuation,,,2-1-1,70 mm қалинликда,,1 m2,"0,83"
2,2. Асфальтбетон қопламаларни сақлаш учун вақт меъёрлари,3,6,variant_or_continuation,,,2-1-1,2 m2 юзагача 50 mm қалинликда,,1m2,"0,5"
2,2. Асфальтбетон қопламаларни сақлаш учун вақт меъёрлари,3,7,variant_or_continuation,,,2-1-1,70 mm қалинликда,,1m2,"0,58"
2,2. Асфальтбетон қопламаларни сақлаш учун вақт меъёрлари,3,8,variant_or_continuation,,,2-1-1,3 m2 юзагача 50 mm қалинликда,,1m2,"0,44"
2,2. Асфальтбетон қопламаларни сақлаш учун вақт меъёрлари,3,9,variant_or_continuation,,,2-1-1,70 mm қалинликда,,1m2,"0,5"
2,2. Асфальтбетон қопламаларни сақлаш учун вақт меъёрлари,3,10,variant_or_continuation,,,2-1-1,10 m2 юзагача 50 mm қалинликда,,1m2,"0,17"
2,2. Асфальтбетон қопламаларни сақлаш учун вақт меъёрлари,3,11,variant_or_continuation,,,2-1-1,70 mm қалинликда,,1m2,"0,2"
2,2. Асфальтбетон қопламаларни сақлаш учун вақт меъёрлари,3,12,variant_or_continuation,,,2-1-1,25 m2 юзагача 50 mm қалинликда,,1m2,"0,1"
2,2. Асфальтбетон қопламаларни сақлаш учун вақт меъёрлари,3,13,variant_or_continuation,,,2-1-1,70 mm қалинликда,,1m2,"0,12"
2,2. Асфальтбетон қопламаларни сақлаш учун вақт меъёрлари,3,14,variant_or_continuation,,,2-1-1,б) эски қопламани бузмасдан:,,1m2,
2,2. Асфальтбетон қопламаларни сақлаш учун вақт меъёрлари,3,15,variant_or_continuation,,,2-1-1,1 m2 юзагача 50 mm қалинликда,,1m2,"0,5"
2,2. Асфальтбетон қопламаларни сақлаш учун вақт меъёрлари,3,16,variant_or_continuation,,,2-1-1,70 mm қалинликда,,1 m2,"0,66"
2,2. Асфальтбетон қопламаларни сақлаш учун вақт меъёрлари,3,17,variant_or_continuation,,,2-1-1,2 m2 юзагача 50 mm қалинликда,,1 m2,"0,41"
2,2. Асфальтбетон қопламаларни сақлаш учун вақт меъёрлари,3,18,variant_or_continuation,,,2-1-1,70 mm қалинликда,,1 m2,"0,5"
2,2. Асфальтбетон қопламаларни сақлаш учун вақт меъёрлари,3,19,variant_or_continuation,,,2-1-1,3 m2 юзада 50 mm қалинликда,,1 m2,"0,38"
2,2. Асфальтбетон қопламаларни сақлаш учун вақт меъёрлари,3,20,variant_or_continuation,,,2-1-1,70 mm қалинликда,,1 m2,"0,44"
2,2. Асфальтбетон қопламаларни сақлаш учун вақт меъёрлари,3,21,variant_or_continuation,,,2-1-1,10 m2 юзада 50 mm қалинликда,,1 m2,"0,16"
2,2. Асфальтбетон қопламаларни сақлаш учун вақт меъёрлари,3,22,variant_or_continuation,,,2-1-1,70 mm қалинликда,,1 m2,"0,17"
2,2. Асфальтбетон қопламаларни сақлаш учун вақт меъёрлари,3,23,variant_or_continuation,,,2-1-1,25 m2 юзагача 50 mm қалинликда,,1 m2,"0,1"
2,2. Асфальтбетон қопламаларни сақлаш учун вақт меъёрлари,3,24,variant_or_continuation,,,2-1-1,70 mm қалинликда,,1 m2,"0,12"
2,2. Асфальтбетон қопламаларни сақлаш учун вақт меъёрлари,3,25,variant_or_continuation,,,2-1-1,"Оғирлиги 0,5-2 t бўлган моторли каток билан ямоқ қилинган йўл қисмларини зичлаш",,100 m2,"1,2"
2,2. Асфальтбетон қопламаларни сақлаш учун вақт меъёрлари,3,26,norm,,2-2-1,2-2-1,Оғирлиги 5-6 t бўлган каток билан ямоқ қилинган йўл қисмларини зичлаш,К2-2,100 m2,"1,1"
2,2. Асфальтбетон қопламаларни сақлаш учун вақт меъёрлари,3,27,norm,,2-3-1,2-3-1,Ямоқларни қўлга мосланган зичлагич билан зичлаш,К2-3,100 m2,0.67
2,2. Асфальтбетон қопламаларни сақлаш учун вақт меъёрлари,3,28,norm,,2-4-1,2-4-1,Қопламада ҳосил бўлган ёриқларга битум қуйиш (автогудронатор ёрдамида),К2-4,100 m ёриқ,"1,34 (0,17)"
2,2. Асфальтбетон қопламаларни сақлаш учун вақт меъёрлари,3,29,norm,,2-5-1,2-5-1,Қопламада ҳосил бўлган ёриқларга битум қуйиш (кул мосламаси ёрдамида),К2-5,100 m ёриқ,"1,6"
2,2. Асфальтбетон қопламаларни сақлаш учун вақт меъёрлари,3,30,norm,,2-6-1,2-6-1,Қопламада ҳосил бўлган ёриқларга битум қуйиш (лейка ёрдамида),К2-6,100 m ёриқ,"3,3"
2,2. Асфальтбетон қопламаларни сақлаш учун вақт меъёрлари,3,31,norm,,2-14-1,2-14-1,Қопламани махсус машиналарлар ёрдамида чанг ва ифлосликлардан тозалаш,К2-7,100 m2,"0.024 (0,024)"
2,2. Асфальтбетон қопламаларни сақлаш учун вақт меъёрлари,3,32,variant_or_continuation,,,2-14-1,Қўл кучи билан,,,"1,9"
2,2. Асфальтбетон қопламаларни сақлаш учун вақт меъёрлари,3,33,norm,,2-9-1,2-9-1,"Йўл ўқ чизиқларини ГАЗЕЛ, ИСУЗИ механизмлари ёрдамида чизиш",К2-8,1km,"1,5–2,5"
2,2. Асфальтбетон қопламаларни сақлаш учун вақт меъёрлари,3,34,variant_or_continuation,,,2-9-1,Йўл ўқ чизиқларини LineLazer 3400 Graco механизмлари ёрдамида чизиш,К2-8,1 km,"2,0"
2,2. Асфальтбетон қопламаларни сақлаш учун вақт меъёрлари,3,35,variant_or_continuation,,,2-9-1,Йўл ўқи ва қоплама чети ётиқ чизиқларини қўлда чизиш,К2-8,100 m,2.7
2,2. Асфальтбетон қопламаларни сақлаш учун вақт меъёрлари,3,36,norm,,2-10-1,2-10-1,Пиёдалар ўтиш жойини қўлда чизиш,,,
2,2. Асфальтбетон қопламаларни сақлаш учун вақт меъёрлари,3,37,norm,,2-11-1а,2-11-1а,Трафарет билан,К2-9а,1 m2,"0,23"
2,2. Асфальтбетон қопламаларни сақлаш учун вақт меъёрлари,3,38,norm,,2-11-1б,2-11-1б,Трафаретсиз,К2-9б,1 m2,"0,27"
2,2. Асфальтбетон қопламаларни сақлаш учун вақт меъёрлари,3,39,norm,,2-13-1,2-13-1,Қопламага чанга карши сув сепиш (сув сепиш машинаси билан),К2-10,1000 m2,"0,14"
2,2. Асфальтбетон қопламаларни сақлаш учун вақт меъёрлари,3,40,variant_or_continuation,,,2-13-1,Термопласт билан белгиланган пиёдалар ўтиш жойлари ва шовқин поласаларини сув ҳамда бошқа кимёвий моддалар билан тозалаш,,1 m2,"0,03-0,05"
2,2. Асфальтбетон қопламаларни сақлаш учун вақт меъёрлари,3,41,variant_or_continuation,,,2-13-1,Термопласт билан йўл ўқ чизиқларини чизиш,,1 m²,"0,25"
2,2. Асфальтбетон қопламаларни сақлаш учун вақт меъёрлари,3,42,variant_or_continuation,,,2-13-1,Термопласт билан пиёдалар ўтиш жойлари ва шовқин поласаларини чизиш,,1 m²,"0,33"
2,2. Асфальтбетон қопламаларни сақлаш учун вақт меъёрлари,3,43,variant_or_continuation,,,2-13-1,Совуқ пластик билан йўл ўқ чизиқларини чизиш,,1 m²,0.2
2,2. Асфальтбетон қопламаларни сақлаш учун вақт меъёрлари,3,44,variant_or_continuation,,,2-13-1,Совуқ пластик билан пиёдалар ўтиш жойлари ва шовқин поласаларини чизиш,,1 m²,0.3
2,2. Асфальтбетон қопламаларни сақлаш учун вақт меъёрлари,3,45,variant_or_continuation,,,2-13-1,Автомобиль йўллари четига қайта тикланувчи чиқиндилар учун металдан ясалган идишлар ўрнатиш. (бакалашка ва бошқа шаклда),,1 дона,"1,0-1,5"
3,3. Цементбетон қопламаларни сақлаш учун вақт меъёрлари,4,3,norm,,3-1-1,3-1-1,Қопламанинг бузилган жойларини асфальтбетон қоришмаси билан таъмирлаш:,К2-1,,
3,3. Цементбетон қопламаларни сақлаш учун вақт меъёрлари,4,4,norm,,3-1-1а,3-1-1а,а) эски қопламани бузмасдан 1 m2 юзада 50 mm қалинликда,,1 m2,0.44
3,3. Цементбетон қопламаларни сақлаш учун вақт меъёрлари,4,5,norm,,3-1-1б,3-1-1б,70 mm қалинликда,,1 m2,0.54
3,3. Цементбетон қопламаларни сақлаш учун вақт меъёрлари,4,6,norm,,3-1-1в,3-1-1в,2 m2 юзада 50 mm қалинликда,,1 m2,0.38
3,3. Цементбетон қопламаларни сақлаш учун вақт меъёрлари,4,7,norm,,3-1-1г,3-1-1г,70 mm қалинликда,,1 m2,0.44
3,3. Цементбетон қопламаларни сақлаш учун вақт меъёрлари,4,8,norm,,3-1-1д,3-1-1д,3m2 юзада 50 mm қалинликда,,1 m2,0.33
3,3. Цементбетон қопламаларни сақлаш учун вақт меъёрлари,4,9,norm,,3-1-1е,3-1-1е,70 mm қалинликда,,1 m2,0.34
3,3. Цементбетон қопламаларни сақлаш учун вақт меъёрлари,4,10,norm,,3-1-1ж,3-1-1ж,10m2 юзада 50 mm қалинликда,,1 m2,0.18
3,3. Цементбетон қопламаларни сақлаш учун вақт меъёрлари,4,11,norm,,3-1-1з,3-1-1з,70 mm қалинликда,,1 m2,0.22
3,3. Цементбетон қопламаларни сақлаш учун вақт меъёрлари,4,12,norm,,3-1-1и,3-1-1и,25 m2 юзада 50 mm қалинликда,,1 m2,0.1
3,3. Цементбетон қопламаларни сақлаш учун вақт меъёрлари,4,13,norm,,3-1-1к,3-1-1к,70 mm қалинликда,,1 m2,0.13
3,3. Цементбетон қопламаларни сақлаш учун вақт меъёрлари,4,14,norm,,3-2-2,3-2-2,Оғирлиги 5-6 t бўлган каток билан ямоқ қилинган йўл қисмларини зичлаш,К2-2,100 m2,1.1
3,3. Цементбетон қопламаларни сақлаш учун вақт меъёрлари,4,15,norm,,3-3-3,3-3-3,Ямоқларни қўлга мосланган зичлагич билан зичлаш,К2-3,100 m2,0.67
3,3. Цементбетон қопламаларни сақлаш учун вақт меъёрлари,4,16,norm,,3-4-1,3-4-1,Қопламанинг кўндаланг ва бўйлама чокларини битум қуйқаси ёки махсус тайёрланган мастика билан тўлдириш:,К3-1,100 m,
3,3. Цементбетон қопламаларни сақлаш учун вақт меъёрлари,4,17,variant_or_continuation,,,3-4-1,Чокларни тозалаб жойида таёрланган мастикани компрессор билан,,100 m,"7,4"
3,3. Цементбетон қопламаларни сақлаш учун вақт меъёрлари,4,18,variant_or_continuation,,,3-4-1,"Чокларни тозалаб тайёр мастикани қизитиб, копрессор билан",,100 m,5
3,3. Цементбетон қопламаларни сақлаш учун вақт меъёрлари,4,19,variant_or_continuation,,,3-4-1,жойида таёрланган мастикани копрессор билан қўл кучи билан лейкада,,100 m,"8,6"
3,3. Цементбетон қопламаларни сақлаш учун вақт меъёрлари,4,20,norm,,3-5-1,3-5-1,Йўл ўқ чизиқларини механизм ёрдамида чизиш ДЭ-3 трактори билан,К2-9,1 km,"3,95 (0,79)"
3,3. Цементбетон қопламаларни сақлаш учун вақт меъёрлари,4,21,norm,,3-6-1,3-6-1,Чанга қарши қопламага сув сепиш,К2-11,1000 m2,"0,14"
3,3. Цементбетон қопламаларни сақлаш учун вақт меъёрлари,4,22,norm,,3-7-1,3-7-1,Қопламани махсус машиналар ёрдамида чанг ва ифлосликлардан тозалаш,К2-7,1000 m2,"0.024 (0,024)"
3,3. Цементбетон қопламаларни сақлаш учун вақт меъёрлари,4,23,variant_or_continuation,,,3-7-1,Қўл кучи билан,,,"1,9"
3,3. Цементбетон қопламаларни сақлаш учун вақт меъёрлари,4,24,norm,,3-9,3-9,Қўл кучи билан турли чиқиндилардан тозалаш,К1-11,1 km,0.98
4,4. Қора-шағал қопламаларни сақлаш учун вақт меъёрлари,5,2,norm,,4-1-1,4-1-1,Қопламанинг бузилган жойларини таъмирлаш:,К2-1,,
4,4. Қора-шағал қопламаларни сақлаш учун вақт меъёрлари,5,3,norm,,4-1-1а,4-1-1а,эски қопламани бузмасдан,,,
4,4. Қора-шағал қопламаларни сақлаш учун вақт меъёрлари,5,4,norm,,4-1-1а,4-1-1а,1 m2 юзада 50 mm қалинликда,,1 m2,0.44
4,4. Қора-шағал қопламаларни сақлаш учун вақт меъёрлари,5,5,variant_or_continuation,,,4-1-1а,70 mm қалинликда,,1 m2,0.54
4,4. Қора-шағал қопламаларни сақлаш учун вақт меъёрлари,5,6,variant_or_continuation,,,4-1-1а,2 m2 юзада 50 mm қалинликда,,1 m2,0.38
4,4. Қора-шағал қопламаларни сақлаш учун вақт меъёрлари,5,7,variant_or_continuation,,,4-1-1а,70 mm қалинликда,,1 m2,0.44
4,4. Қора-шағал қопламаларни сақлаш учун вақт меъёрлари,5,8,variant_or_continuation,,,4-1-1а,3 m2 юзада 50 mm қалинликда,,1 m2,0.33
4,4. Қора-шағал қопламаларни сақлаш учун вақт меъёрлари,5,9,variant_or_continuation,,,4-1-1а,70 mm қалинликда,,1 m2,0.34
4,4. Қора-шағал қопламаларни сақлаш учун вақт меъёрлари,5,10,variant_or_continuation,,,4-1-1а,10 m2 юзада 50 mm қалинликда,,1 m2,0.18
4,4. Қора-шағал қопламаларни сақлаш учун вақт меъёрлари,5,11,variant_or_continuation,,,4-1-1а,70 mm қалинликда,,1 m2,0.22
4,4. Қора-шағал қопламаларни сақлаш учун вақт меъёрлари,5,12,variant_or_continuation,,,4-1-1а,25 m2 юзада 50 mm қалинликда,,1 m2,0.1
4,4. Қора-шағал қопламаларни сақлаш учун вақт меъёрлари,5,13,variant_or_continuation,,,4-1-1а,70 mm қалинликда,,1 m2,0.13
4,4. Қора-шағал қопламаларни сақлаш учун вақт меъёрлари,5,14,norm,,4-2-1,4-2-1,Оғирлиги 5-6 t бўлган каток билан ямоқ қилинган йўл қисмларини зичлаш,К2-2,100 m2,1.1
4,4. Қора-шағал қопламаларни сақлаш учун вақт меъёрлари,5,15,norm,,4-3,4-3,Ямоқларни қўлга мосланган зичлагич билан зичлаш,К2-3,100 m2,0.67
4,4. Қора-шағал қопламаларни сақлаш учун вақт меъёрлари,5,16,norm,,4-4-1,4-4-1,Йўл ўқ чизиқларини механизм ёрдамида чизиш,К2-9,1 km,"3,95 (0,79)"
4,4. Қора-шағал қопламаларни сақлаш учун вақт меъёрлари,5,17,norm,,4-5-1,4-5-1,Пиёдалар ўтиш жойини қўлда чизиш,,,
4,4. Қора-шағал қопламаларни сақлаш учун вақт меъёрлари,5,18,norm,,4-6-1а,4-6-1а,Трафарет билан,К2-10а,1 m2,"0,23"
4,4. Қора-шағал қопламаларни сақлаш учун вақт меъёрлари,5,19,norm,,4-6-1б,4-6-1б,Трафаретсиз,К2-10б,1 m2,"0,27"
4,4. Қора-шағал қопламаларни сақлаш учун вақт меъёрлари,5,20,norm,,4-7-1,4-7-1,Қўл кучи билан турли чиқиндилардан тозалаш,К1-11,1km,0.98
4,4. Қора-шағал қопламаларни сақлаш учун вақт меъёрлари,5,21,norm,,4-8-1,4-8-1,Қопламани махсус машиналарлар ёрдамида чанг ва ифлосликлардан тозалаш,К2-8,100 m2,"0,024 (0,024)"
4,4. Қора-шағал қопламаларни сақлаш учун вақт меъёрлари,5,22,variant_or_continuation,,,4-8-1,Қўл кучи билан,,,"1,9"
5,5. Шағалли ва чақилган тошли қопламаларни сақлаш учун вақт меъёрлари,6,3,norm,,5-1-1,5-1-1,Автогрейдер билан қоплама профилини текислаш,К5-1,1 km прох,"0,26 (0,26)"
5,5. Шағалли ва чақилган тошли қопламаларни сақлаш учун вақт меъёрлари,6,4,norm,,5-2-1,5-2-1,Қўл кучи билан турли чиқиндилардан тозалаш,К1-11,1 km,0.98
5,5. Шағалли ва чақилган тошли қопламаларни сақлаш учун вақт меъёрлари,6,5,norm,,5-3-1,5-3-1,Қопламани махсус машиналарлар ёрдамида чанг ва ифлосликлардан тозалаш,К2-8,100 m2,"0,024 (0,024)"
5,5. Шағалли ва чақилган тошли қопламаларни сақлаш учун вақт меъёрлари,6,6,variant_or_continuation,,,5-3-1,Қўл кучи билан,,,"2,1"
5,5. Шағалли ва чақилган тошли қопламаларни сақлаш учун вақт меъёрлари,6,7,norm,,5-4-1,5-4-1,Шағал қопламанинг бузилган жойларини таъмирлаш: чуқурлиги 30 mm гача,К5-2,1 m2,"0,16"
5,5. Шағалли ва чақилган тошли қопламаларни сақлаш учун вақт меъёрлари,6,8,variant_or_continuation,,,5-4-1,60 mm гача қалинликда,,1 m2,"0,18"
5,5. Шағалли ва чақилган тошли қопламаларни сақлаш учун вақт меъёрлари,6,9,variant_or_continuation,,,5-4-1,100 mm гача қалинликда,,1 m2,"0,26"
5,5. Шағалли ва чақилган тошли қопламаларни сақлаш учун вақт меъёрлари,6,10,norm,,5-5-1,5-5-1,Чақилган тошли қопламанинг бузилган жойларини таъмирлаш: чуқурлги 30 mm гача,К5-2,1 m2,"0,16"
5,5. Шағалли ва чақилган тошли қопламаларни сақлаш учун вақт меъёрлари,6,11,variant_or_continuation,,,5-5-1,60 mm гача қалинликда,,1 m2,"0,25"
5,5. Шағалли ва чақилган тошли қопламаларни сақлаш учун вақт меъёрлари,6,12,variant_or_continuation,,,5-5-1,100 mm гача қалинликда,,1 m2,"0,35"
5,5. Шағалли ва чақилган тошли қопламаларни сақлаш учун вақт меъёрлари,6,13,norm,,5-6-1,5-6-1,Шағалли ва тупроқли йўлларни автогрейдер ёрдамида профилини таъмирлаш: йўл кенглиги 6 m гача,К5-3,1km,"0,8 (0,8)"
5,5. Шағалли ва чақилган тошли қопламаларни сақлаш учун вақт меъёрлари,6,14,variant_or_continuation,,,5-6-1,Кенглиги 7 m гача,,1 km,"1,1 (1,1)"
5,5. Шағалли ва чақилган тошли қопламаларни сақлаш учун вақт меъёрлари,6,15,variant_or_continuation,,,5-6-1,Кенглиги 9 m гача,,1 km,"1,2 (1,2)"
5,5. Шағалли ва чақилган тошли қопламаларни сақлаш учун вақт меъёрлари,6,16,variant_or_continuation,,,5-6-1,Кенглиги 11 m гача,,1 km,"1,4 (1,4)"
6,6. Тупроқ йўлни сақлаш учун вақт меъёрлари (6 m кенгликда),7,2,norm,,6-1-1,6-1-1,Автогрейдер билан қоплама профилини тўғрилаш,К5-1,1 km,"0,26"
6,6. Тупроқ йўлни сақлаш учун вақт меъёрлари (6 m кенгликда),7,3,norm,,6-2-2,6-2-2,Турли предмет ва чиқиндилардан тозалаш,К1-11,1 km,0.98
6,6. Тупроқ йўлни сақлаш учун вақт меъёрлари (6 m кенгликда),7,4,norm,,6-3-1,6-3-1,Тупроқли йўлларни автогрейдер ёрдамида профилини таъмирлаш: йўл кенглиги 6 m гача,К5-3,1 km,"0,73 (0,73)"
6,6. Тупроқ йўлни сақлаш учун вақт меъёрлари (6 m кенгликда),7,5,norm,,6-3-2,6-3-2,Кенглиги 7 m гача,К5-3а,1 km,"0,95 (0,95)"
6,6. Тупроқ йўлни сақлаш учун вақт меъёрлари (6 m кенгликда),7,6,norm,,6-3-3,6-3-3,Кенглиги 9 m гача,К5-3б,1 km,"1,1 (1,1)"
6,6. Тупроқ йўлни сақлаш учун вақт меъёрлари (6 m кенгликда),7,7,norm,,6-3-4,6-3-4,кенглиги 11 m гача,К5-3в,1 km,"1,3 (1,3)"
7,7. Сунъий иншоотларни сақлаш учун вақт меъёрлари,8,3,heading,1. Сув ўтказувчи қувурлар,,,1. Сув ўтказувчи қувурлар,,,
7,7. Сунъий иншоотларни сақлаш учун вақт меъёрлари,8,4,norm,1. Сув ўтказувчи қувурлар,7-1-1,7-1-1,"Қувур тешикларини, кириш- чиқиш қисмларини, ариқлар ўзанини ҳар-хил тиқилмалардан, тўпланиб қолган чиқиндилардан тозалаш",К7-1,1 m3,"0,70"
7,7. Сунъий иншоотларни сақлаш учун вақт меъёрлари,8,5,norm,1. Сув ўтказувчи қувурлар,7-1-2,7-1-2,Қувур каллакларини атрофидаги ўтлардан тозалаш,К7-2,100 m2,"0,41"
7,7. Сунъий иншоотларни сақлаш учун вақт меъёрлари,8,6,norm,1. Сув ўтказувчи қувурлар,7-1-3,7-1-3,Қувур каллаклари оқлаш,К7-3,1 m2,"0,10"
7,7. Сунъий иншоотларни сақлаш учун вақт меъёрлари,8,7,norm,1. Сув ўтказувчи қувурлар,7-1-4,7-1-4,Қувур каллаклари таъмирлаш,К7-4,1 m2,"1,9"
7,7. Сунъий иншоотларни сақлаш учун вақт меъёрлари,8,8,heading,"2. Кўприклар, йўл ўтказгичлар",,7-1-4,"2. Кўприклар, йўл ўтказгичлар",,,
7,7. Сунъий иншоотларни сақлаш учун вақт меъёрлари,8,9,norm,"2. Кўприклар, йўл ўтказгичлар",7-2-1,7-2-1,Қопламани махсус машиналар ёрдамида чанг ва ифлосликлардан тозалаш,К2-7,100 m2,"0,024 (0,024)"
7,7. Сунъий иншоотларни сақлаш учун вақт меъёрлари,8,10,norm,"2. Кўприклар, йўл ўтказгичлар",7-2-1а,7-2-1а,Қўл кучи билан,К2-7а,100 m2,"1,9"
7,7. Сунъий иншоотларни сақлаш учун вақт меъёрлари,8,11,norm,"2. Кўприклар, йўл ўтказгичлар",7-2-2,7-2-2,Кўприк ва йўл ўтказгичларнинг элментлари ва огоҳлантирувчи устунчаларни оқлаш,К7-5,100 m2,"0,7"
7,7. Сунъий иншоотларни сақлаш учун вақт меъёрлари,8,12,norm,"2. Кўприклар, йўл ўтказгичлар",7-2-3,7-2-3,Кўприк метал ёндорларини бўяш,К7-6,10 pm,"9,4"
7,7. Сунъий иншоотларни сақлаш учун вақт меъёрлари,8,13,norm,"2. Кўприклар, йўл ўтказгичлар",7-2-4,7-2-4,Кўприк ости ўзанини йиғилиб қолган чиқиндилардан тозалаш,К7-7,1 m3,1.45
7,7. Сунъий иншоотларни сақлаш учун вақт меъёрлари,8,14,norm,"2. Кўприклар, йўл ўтказгичлар",7-2-5,7-2-5,Кўприк ости қияликларини айрим жойларини бетон плиткалар билан мустаҳкамлаш,К7-8,1 m2,"0,77"
7,7. Сунъий иншоотларни сақлаш учун вақт меъёрлари,8,15,norm,"2. Кўприклар, йўл ўтказгичлар",7-2-6,7-2-6,Кўприкка монолит ғилдирак қайтаргичлар қўйиш,К7-9,1m,"0,43"
7,7. Сунъий иншоотларни сақлаш учун вақт меъёрлари,8,16,norm,"2. Кўприклар, йўл ўтказгичлар",7-2-7,7-2-7,Кўприк ва йўл ўтказгичлардаги сув кетказиш тизимларини тартибга келтириш,К7-10,1pm,0.07
7,7. Сунъий иншоотларни сақлаш учун вақт меъёрлари,8,17,norm,"2. Кўприклар, йўл ўтказгичлар",7-2-8,7-2-8,Кўприк ва йўл ўтказгичлардаги ёритиш тизимида лампочкаларни алмаштириш,К7-11,100 дона,8.86
7,7. Сунъий иншоотларни сақлаш учун вақт меъёрлари,8,18,norm,"2. Кўприклар, йўл ўтказгичлар",7-2-9,7-2-9,Кўприкни темир ёндорларини таъмирлаш,К7-12,1 pm,"1,2"
7,7. Сунъий иншоотларни сақлаш учун вақт меъёрлари,8,19,norm,"2. Кўприклар, йўл ўтказгичлар",7-2-10,7-2-10,Темир таянч қисмларини буёқлаш,К7-13,1 m2,"1,31 (0,32)"
7,7. Сунъий иншоотларни сақлаш учун вақт меъёрлари,8,20,heading,3. Понтон кўприк,,7-2-10,3. Понтон кўприк,,,
7,7. Сунъий иншоотларни сақлаш учун вақт меъёрлари,8,21,norm,3. Понтон кўприк,7-3-1,7-3-1,Дарё ўзанини земснаряд билан тозалаш( I гуруҳ тупроқда),,1000 m3,120
7,7. Сунъий иншоотларни сақлаш учун вақт меъёрлари,8,22,norm,3. Понтон кўприк,7-3-2,7-3-2,Понтон куприк бир йилда сақлаш (19 та одам),,одам/ соат,38570
8,8. Йўналтирувчи устунчалар ва ажратувчи ва ҳимояловчи тўсиқларни сақлаш учун вақт меъёрлари,9,3,heading,1. Йўналтирувчи устунчалар,,,1. Йўналтирувчи устунчалар,,,
8,8. Йўналтирувчи устунчалар ва ажратувчи ва ҳимояловчи тўсиқларни сақлаш учун вақт меъёрлари,9,4,norm,1. Йўналтирувчи устунчалар,8-1-1,8-1-1,"Устунчаларни тозалаш, ёруғлик қайтарувчи махсус тасма (катафот) ёпиштириш ва уни алмаштириш",К8-1,1 дона,"0,31"
8,8. Йўналтирувчи устунчалар ва ажратувчи ва ҳимояловчи тўсиқларни сақлаш учун вақт меъёрлари,9,5,norm,1. Йўналтирувчи устунчалар,8-1-2,8-1-2,Етишмаётган устунчаларни ўрнатиш,К8-2,1 дона,"1,6"
8,8. Йўналтирувчи устунчалар ва ажратувчи ва ҳимояловчи тўсиқларни сақлаш учун вақт меъёрлари,9,6,norm,1. Йўналтирувчи устунчалар,8-1-3,8-1-3,Эски (синган) устунчаларни алмаштириш,К8-3,1 дона,"1,335"
8,8. Йўналтирувчи устунчалар ва ажратувчи ва ҳимояловчи тўсиқларни сақлаш учун вақт меъёрлари,9,7,norm,1. Йўналтирувчи устунчалар,8-1-4,8-1-4,Устунчаларни оқлаш ва бўяш,К8-4,1 дона,"0,08"
8,8. Йўналтирувчи устунчалар ва ажратувчи ва ҳимояловчи тўсиқларни сақлаш учун вақт меъёрлари,9,8,norm,1. Йўналтирувчи устунчалар,8-1-5,8-1-5,"Устунчалар атрофини ўтлардан, чанг ва ифлосликлардан тозалаш",К8-5,1 дона,"0,07"
8,8. Йўналтирувчи устунчалар ва ажратувчи ва ҳимояловчи тўсиқларни сақлаш учун вақт меъёрлари,9,9,heading,2. Тўлқинсимон темир тўсиқлар,,8-1-5,2. Тўлқинсимон темир тўсиқлар,,,
8,8. Йўналтирувчи устунчалар ва ажратувчи ва ҳимояловчи тўсиқларни сақлаш учун вақт меъёрлари,9,10,norm,2. Тўлқинсимон темир тўсиқлар,8-2-6,8-2-6,Пўлат арқонли тўсиқларни қўлда буяш,К8-6,100 m,"2,6"
8,8. Йўналтирувчи устунчалар ва ажратувчи ва ҳимояловчи тўсиқларни сақлаш учун вақт меъёрлари,9,11,norm,2. Тўлқинсимон темир тўсиқлар,8-2-7,8-2-7,Эгри (шиферсимон ариқчали) темир тўсиқларни бўяш,К8-7,100 m,"2,6"
8,8. Йўналтирувчи устунчалар ва ажратувчи ва ҳимояловчи тўсиқларни сақлаш учун вақт меъёрлари,9,12,norm,2. Тўлқинсимон темир тўсиқлар,8-2-8,8-2-8,Тўсиқни чанг ва ифлосликлардан тозалаш,К8-8,100 pm,0.66
8,8. Йўналтирувчи устунчалар ва ажратувчи ва ҳимояловчи тўсиқларни сақлаш учун вақт меъёрлари,9,13,norm,2. Тўлқинсимон темир тўсиқлар,8-9,8-9,Асос элементларидаги нуқсонларни тузатиш,К8-9,1 асос,0.14
8,8. Йўналтирувчи устунчалар ва ажратувчи ва ҳимояловчи тўсиқларни сақлаш учун вақт меъёрлари,9,14,variant_or_continuation,2. Тўлқинсимон темир тўсиқлар,,8-9,Темир (шиферсимон ариқчали) тўсиқлар яроқсиз қисмларини алмаштириш,,10 pm,"2,5–3,0"
8,8. Йўналтирувчи устунчалар ва ажратувчи ва ҳимояловчи тўсиқларни сақлаш учун вақт меъёрлари,9,15,variant_or_continuation,2. Тўлқинсимон темир тўсиқлар,,8-9,Темир (шиферсимон ариқчали) тўсиқларини букулган қисмларини тўғрилаш,,10 pm,"1,5–2,0"
8,8. Йўналтирувчи устунчалар ва ажратувчи ва ҳимояловчи тўсиқларни сақлаш учун вақт меъёрлари,9,16,variant_or_continuation,2. Тўлқинсимон темир тўсиқлар,,8-9,3. Ажратувчи ва муҳофазаловчи темирбетон тўсиқлар,3. Ажратувчи ва муҳофазаловчи темирбетон тўсиқлар,3. Ажратувчи ва муҳофазаловчи темирбетон тўсиқлар,
8,8. Йўналтирувчи устунчалар ва ажратувчи ва ҳимояловчи тўсиқларни сақлаш учун вақт меъёрлари,9,17,norm,2. Тўлқинсимон темир тўсиқлар,8-3-9,8-3-9,"Тўсиқларни тозалаш, суваш, оқлаш, бўяш, тешикларини очиш (3 марта)",К8-10,1 pm,"0,63"
8,8. Йўналтирувчи устунчалар ва ажратувчи ва ҳимояловчи тўсиқларни сақлаш учун вақт меъёрлари,9,18,norm,2. Тўлқинсимон темир тўсиқлар,8-3-10,8-3-10,"Айрим чўккан, йиқилган, бузилган қисмларини тўғрилаб ўрнатиш",К8-11,1 pm,"0,29"
8,8. Йўналтирувчи устунчалар ва ажратувчи ва ҳимояловчи тўсиқларни сақлаш учун вақт меъёрлари,9,19,norm,2. Тўлқинсимон темир тўсиқлар,8-3-11,8-3-11,Ажратувчи қисмда ўтларни ўт ўриш мосламаси билан ўриш,К8-12,1 km. Прох,"0,38 (0,2)"
8,8. Йўналтирувчи устунчалар ва ажратувчи ва ҳимояловчи тўсиқларни сақлаш учун вақт меъёрлари,9,20,norm,2. Тўлқинсимон темир тўсиқлар,8-3-12,8-3-12,Ажратувчи қисмда ўтларни қўл кучи билан ўриш,К8-12,100 m2,"0,27"
8,8. Йўналтирувчи устунчалар ва ажратувчи ва ҳимояловчи тўсиқларни сақлаш учун вақт меъёрлари,9,21,heading,4. Темирбетон ён тошлар,,8-3-12,4. Темирбетон ён тошлар,,,
8,8. Йўналтирувчи устунчалар ва ажратувчи ва ҳимояловчи тўсиқларни сақлаш учун вақт меъёрлари,9,22,norm,4. Темирбетон ён тошлар,8-4-1,8-4-1,Темирбетон бордюрларни қўлда тўғрилаш,К8-14,1 pm,0.6
8,8. Йўналтирувчи устунчалар ва ажратувчи ва ҳимояловчи тўсиқларни сақлаш учун вақт меъёрлари,9,23,norm,4. Темирбетон ён тошлар,8-4-2,8-4-2,"Темирбетон бордюрларни тозалаш, оқлаш ва бузилган жойларини тўғрилаш",К7-5,100 m2,"0,7"
8,8. Йўналтирувчи устунчалар ва ажратувчи ва ҳимояловчи тўсиқларни сақлаш учун вақт меъёрлари,9,24,heading,5. Тўлқинсимон темир тўсиқлар,,8-4-2,5. Тўлқинсимон темир тўсиқлар,,,
8,8. Йўналтирувчи устунчалар ва ажратувчи ва ҳимояловчи тўсиқларни сақлаш учун вақт меъёрлари,9,25,norm,5. Тўлқинсимон темир тўсиқлар,8-2-10,8-2-10,Тўлқинсимон темир тўсиқлар остидги йўлги йўл қопламаси қисмини чиқиндилардан тозалаш қўл кучи ёрдамида,К2-7,100 m2,"1,9"
9,9. Бир автомобиль тўхташ майдончасини сақлаш учун вақт меъёрлари,10,2,norm,,9-1-1,9-1-1,Бордюрларни оқлаш,К7-5,100 m2,"0,7"
9,9. Бир автомобиль тўхташ майдончасини сақлаш учун вақт меъёрлари,10,3,norm,,9-2-2,9-2-2,Майдончани тозалаш:- ёзда,К9-1,100 m2,"1,31"
9,9. Бир автомобиль тўхташ майдончасини сақлаш учун вақт меъёрлари,10,4,norm,,9-2-2,9-2-2,- қишда,,m2,2
10,10. Бир майдончани (дам олиш) ва автомобилларнинг тўхтаб туриш жойини сақлаш учун вақт меъёрлари,11,2,norm,,10-1-1,10-1-1,Бордюрларни оқлаш,К7-5,100 m2,"0,7"
10,10. Бир майдончани (дам олиш) ва автомобилларнинг тўхтаб туриш жойини сақлаш учун вақт меъёрлари,11,3,norm,,10-2-1,10-2-1,2 та ўриндиқни (2 марта) бўяш,К10-1,100 m2,3.02
10,10. Бир майдончани (дам олиш) ва автомобилларнинг тўхтаб туриш жойини сақлаш учун вақт меъёрлари,11,4,norm,,10-3-1,10-3-1,Ҳудудни тозалаш:- ёзда,К9-1,100 m2,"1,31"
10,10. Бир майдончани (дам олиш) ва автомобилларнинг тўхтаб туриш жойини сақлаш учун вақт меъёрлари,11,5,variant_or_continuation,,,10-3-1,- қишда,,100 m2,"1,31"
11,11. Бир дона автобекатни сақлаш учун вақт меъёрлари,12,2,norm,,11-1-1,11-1-1,Зарур жойларининг сувоғини тиклаш,К11-1,1 m2,"1,7"
11,11. Бир дона автобекатни сақлаш учун вақт меъёрлари,12,3,norm,,11-2-1,11-2-1,Деворларни бўёқ сочгич билан бўяш,К11-2,100 m2,"12,85"
11,11. Бир дона автобекатни сақлаш учун вақт меъёрлари,12,4,norm,,11-3-1,11-3-1,Ёзувларни қолипсиз бўяш,К11-3,100 ҳарф,"5,2"
11,11. Бир дона автобекатни сақлаш учун вақт меъёрлари,12,5,norm,,11-4-1,11-4-1,Деворларни шланг ёрдамида ювиш,К11-4,100 m2,"5,23"
11,11. Бир дона автобекатни сақлаш учун вақт меъёрлари,12,6,norm,,11-5-1,11-5-1,Бекат томида майда таъмирлаш ишлари,К11-5,1m2,"0,815"
11,11. Бир дона автобекатни сақлаш учун вақт меъёрлари,12,7,norm,,11-6-1,11-6-1,Ёғоч ўриндиқларни таъмирлаш,К11-6,1 m2,"0,4"
11,11. Бир дона автобекатни сақлаш учун вақт меъёрлари,12,8,norm,,11-7-1,11-7-1,Ёғоч ўриндиқларни буяш (2марта),К10-1,100 m2,"3,02"
11,11. Бир дона автобекатни сақлаш учун вақт меъёрлари,12,9,variant_or_continuation,,,11-7-1,Автобекат ва унга тегишли ҳудудни тозалаш:- ёзда,К9-1,100 m2,"1,31"
11,11. Бир дона автобекатни сақлаш учун вақт меъёрлари,12,10,variant_or_continuation,,,11-7-1,- қишда,,100 m2,"2,0"
12,12. Бир дона йўл белгисини сақлаш учун вақт меъёрлари,13,2,norm,,12-1-1,12-1-1,Эски йўл белгини ўрнига янгисини ўрнатиш,К12-1,1 дона,"0,5"
12,12. Бир дона йўл белгисини сақлаш учун вақт меъёрлари,13,3,norm,,12-2-1,12-2-1,Устунларни оқлаш,К8-4,1 m2,"0,07"
12,12. Бир дона йўл белгисини сақлаш учун вақт меъёрлари,13,4,norm,,12-3-1,12-3-1,Устунларни бўяш,К12-2,1 дона,"0,202"
12,12. Бир дона йўл белгисини сақлаш учун вақт меъёрлари,13,5,norm,,12-4-1,12-4-1,Темир учликни бўяш,К12-3,1 дона,"0,54"
12,12. Бир дона йўл белгисини сақлаш учун вақт меъёрлари,13,6,norm,,12-5-1,12-5-1,Ўлчамлари 1 m гача бўлган белгиларни алмаштириш,К12-4,1 дона,"0,52"
12,12. Бир дона йўл белгисини сақлаш учун вақт меъёрлари,13,7,norm,,12-6-1,12-6-1,Ўлчамлари 1 m дан катта бўл- ган белгиларни алмаштириш,К12-5,1 дона,"1,10"
12,12. Бир дона йўл белгисини сақлаш учун вақт меъёрлари,13,8,norm,,12-7-1,12-7-1,"Йўл белгиларини таъмирлаш огоҳлантирувчи, тақиқловчи, имтиёзли, сервис белгилар)",К12-6,1 дона,"0,4"
12,12. Бир дона йўл белгисини сақлаш учун вақт меъёрлари,13,9,norm,,12-8-1,12-8-1,Устунларни ўрнатиш: - т/б устун,К12-7,1 дона,2.033
12,12. Бир дона йўл белгисини сақлаш учун вақт меъёрлари,13,10,norm,,12-8-2,12-8-2,- металл устун,К12-7,1 дона,"1,25"
12,12. Бир дона йўл белгисини сақлаш учун вақт меъёрлари,13,11,norm,,12-9-1,12-9-1,Ҳарф ва рақамларни трафарет билан ёзиш,К11-3,100 ҳарф,5.2
12,12. Бир дона йўл белгисини сақлаш учун вақт меъёрлари,13,12,norm,,12-10-1,12-10-1,Йўл белгиларини қайта таъмирлаш: - километр белгилари;,К12-8,1 дона,"0,29"
12,12. Бир дона йўл белгисини сақлаш учун вақт меъёрлари,13,13,norm,,12-10-2,12-10-2,- думалоқ ва учбурчак кўринишидаги белгилар;,,1 дона,"0,40"
12,12. Бир дона йўл белгисини сақлаш учун вақт меъёрлари,13,14,norm,,12-10-3,12-10-3,"- кўрсатувчи белгилар:а) 0,5 m2 гача б) 1,5 m2 гача в) 5 m2 гача",,1 дона 1 дона 1 дона,"1,45 1,25 1,05"
12,12. Бир дона йўл белгисини сақлаш учун вақт меъёрлари,13,15,variant_or_continuation,,,12-10-3,Йўл белгиларни эскирган нур қайтарувчи тасмаларини кўчириб янгисини ёпиштириш,,1 m2,"0,8-1,2"
12,12. Бир дона йўл белгисини сақлаш учун вақт меъёрлари,13,16,variant_or_continuation,,,12-10-3,Йўналишни кўрсатувчи электрон таблолар ўрнатиш,,1 дона,"2,5-3,5"
12,12. Бир дона йўл белгисини сақлаш учун вақт меъёрлари,13,17,variant_or_continuation,,,12-10-3,Йўналишни кўрсатувчи электрон таблолар яроқсизларини алмаштириш,,1 дона,"1,5-2,0"
12,12. Бир дона йўл белгисини сақлаш учун вақт меъёрлари,13,18,variant_or_continuation,,,12-10-3,Йўл жихозлари ва иншоатларига қайта тикланувчи қуёш панеллари ўрнатиш,,1 m2,"1,0-1,5"
12,12. Бир дона йўл белгисини сақлаш учун вақт меъёрлари,13,19,variant_or_continuation,,,12-10-3,Йўл жихозлари ва иншоатларидаги қуёш панелларини чанг ва ифлосликлардан тозалаш,,1 m2,"0,5-0,8"
12,12. Бир дона йўл белгисини сақлаш учун вақт меъёрлари,13,20,variant_or_continuation,,,12-10-3,Йўл жихозлари ва иншоатларига ўрнатилган қуёш панеллари яроқсизларини алмаштириш,,1 m2,"1,2-1,8"
12,12. Бир дона йўл белгисини сақлаш учун вақт меъёрлари,13,21,norm,,12-11-1,12-11-1,Асосга ишлов бериш: - чим билан: а) квадрат шаклида б) юмалоқ ва тўртбурчак шаклда в) учбурчак шаклда,К12-9,1 дона 1 дона 1 дона,"0,45 0,39 0,32"
12,12. Бир дона йўл белгисини сақлаш учун вақт меъёрлари,13,22,norm,,12-11-2,12-11-2,- тош териш билан:а) квадрат шаклда б) юмалоқ ва тўртбурчак шаклда в) учбурчак шаклда,,1 дона 1 дона 1 дона,"0,31 0,28 0,22"
12,12. Бир дона йўл белгисини сақлаш учун вақт меъёрлари,13,23,norm,,12-12-1,12-12-1,Белгиларни шланг ёрдамида ювиш,К12-10,100 дона,"0,59"
12,12. Бир дона йўл белгисини сақлаш учун вақт меъёрлари,13,24,norm,,12-13-1,12-13-1,Арка ва Г - шаклдаги белгилар- нинг метал таянчларини дала шароитида бўяш,К 12-11,1 m2,"0,39"
12,12. Бир дона йўл белгисини сақлаш учун вақт меъёрлари,13,25,variant_or_continuation,,,12-13-1,"Халқасимон туташмалар четига ўрнатилган темир ва тебирбетон тўсиқлар, темир ёки бошқа материаллардан ясалган огохлантирувчи устунчалар нур қайтарувчи тасмаларини алмаштириш",,1 m2,"0,7-1,0"
12,12. Бир дона йўл белгисини сақлаш учун вақт меъёрлари,13,26,variant_or_continuation,,,12-13-1,Халқасимон айланмалар четига темир ёки бошқа матераллардан ясалган огохлантирувчи устунчалар ўрнатиш,,1 дона,"2,0-2,5"
13,"13. Пиёдалар учун йўлакларни, ер ости ва ер усти пиёдалар ўтиш жойларини сақлаш учун вақт меъёрлари",14,2,norm,,13-1-1,13-1-1,Турли предмет ва чиқиндилардан тозалаш,К13-1,100 m2,1.05
13,"13. Пиёдалар учун йўлакларни, ер ости ва ер усти пиёдалар ўтиш жойларини сақлаш учун вақт меъёрлари",14,3,norm,,13-2-1,13-2-1,Қопламанинг бузилган жойларини таъмирлаш,К13-2,1 m2,0.46
13,"13. Пиёдалар учун йўлакларни, ер ости ва ер усти пиёдалар ўтиш жойларини сақлаш учун вақт меъёрлари",14,4,norm,,13-3-1,13-3-1,"Яхмалакка қарши ашёлар (қум, туз) сепиш",К13-3,1m3,"0,58"
13,"13. Пиёдалар учун йўлакларни, ер ости ва ер усти пиёдалар ўтиш жойларини сақлаш учун вақт меъёрлари",14,5,norm,,13-4-1,13-4-1,"Қопламани қор ва муздан тозалаш, 0,15 cm гача",К13-4,100 m2,"0,24"
13,"13. Пиёдалар учун йўлакларни, ер ости ва ер усти пиёдалар ўтиш жойларини сақлаш учун вақт меъёрлари",14,6,norm,,13-5-1,13-5-1,Йўлак бордюрларини тўғрилаш,К13-5,1 pm,0.59
13,"13. Пиёдалар учун йўлакларни, ер ости ва ер усти пиёдалар ўтиш жойларини сақлаш учун вақт меъёрлари",14,7,norm,,13-6-1,13-6-1,"Пиёдалар ўтиш жойлари кириш-чиқиш қисмлари ички йўлакларни супуриш, ювиш, ҳар-хил чиқиндилардан тозалаш -ёзда -қишда",К13-6,,
13,"13. Пиёдалар учун йўлакларни, ер ости ва ер усти пиёдалар ўтиш жойларини сақлаш учун вақт меъёрлари",14,8,norm,,13-6-1,13-6-1,"Пиёдалар ўтиш жойлари кириш-чиқиш қисмлари ички йўлакларни супуриш, ювиш, ҳар-хил чиқиндилардан тозалаш -ёзда -қишда",,100 m2,1.0
13,"13. Пиёдалар учун йўлакларни, ер ости ва ер усти пиёдалар ўтиш жойларини сақлаш учун вақт меъёрлари",14,9,norm,,13-6-1,13-6-1,"Пиёдалар ўтиш жойлари кириш-чиқиш қисмлари ички йўлакларни супуриш, ювиш, ҳар-хил чиқиндилардан тозалаш -ёзда -қишда",,100 m2,1.90
13,"13. Пиёдалар учун йўлакларни, ер ости ва ер усти пиёдалар ўтиш жойларини сақлаш учун вақт меъёрлари",14,10,norm,,13-7-1,13-7-1,Сув оқова тизимини сақлаш,К13-7,1 h,4.0
13,"13. Пиёдалар учун йўлакларни, ер ости ва ер усти пиёдалар ўтиш жойларини сақлаш учун вақт меъёрлари",14,11,norm,,13-8-1,13-8-1,Бино электр тизимини сақлаш,К13-8,1 h,4.0
13,"13. Пиёдалар учун йўлакларни, ер ости ва ер усти пиёдалар ўтиш жойларини сақлаш учун вақт меъёрлари",14,12,variant_or_continuation,,,13-8-1,"Пиёдалар ўтиш учун мулжалланган кўприклар том(ойна, лексан)ларини тозалаш",,100 m2,"1,0-1,5"
13,"13. Пиёдалар учун йўлакларни, ер ости ва ер усти пиёдалар ўтиш жойларини сақлаш учун вақт меъёрлари",14,13,variant_or_continuation,,,13-8-1,"Пиёдалар ўтиш учун мулжалланган кўприклар том(ойна, лексан)ларини яроқсиз қисмларини таъмирлаш ва алмаштириш",,100 m2,"2,5-3,0"
13,"13. Пиёдалар учун йўлакларни, ер ости ва ер усти пиёдалар ўтиш жойларини сақлаш учун вақт меъёрлари",14,14,variant_or_continuation,,,13-8-1,"Пиёдалар ўтиш учун мулжалланган кўприклар юриш қисмидаги плитка, мрамр, ва бошқа қисмларини кимёвий воситалар билан тозалаш",,100 m2,"1,2-1,8"
13,"13. Пиёдалар учун йўлакларни, ер ости ва ер усти пиёдалар ўтиш жойларини сақлаш учун вақт меъёрлари",14,15,variant_or_continuation,,,13-8-1,"Пиёдалар ўтиш учун мулжалланган кўприклар юриш қисмидаги плитка, мрамр, ва бошқа қисмларини яроқсиз жойларини таъмирлаш ва алмаштириш",,100 m2,"3,0-4,0"
14,14. Асфальтбетон билан мустаҳкамланган йўл четини сақлаш учун вақт меъёрлари,15,2,norm,,14-1-1,14-1-1,Бузилган жойларни 2 жадвал буйича таъмирлаш,К2-1,1 m2,0.77
14,14. Асфальтбетон билан мустаҳкамланган йўл четини сақлаш учун вақт меъёрлари,15,3,norm,,14-2,14-2,Турли предмет ва чиқиндилардан тозалаш,К14-2,100 m2,1.05
15,15. Қаттиқ қопламали туташувчи йўлларни сақлаш учун вақт меъёрлари,16,2,norm,,15-1-1,15-1-1,Турли предмет ва чиқиндилардан тозалаш,К14-2,100 m2,1.05
15,15. Қаттиқ қопламали туташувчи йўлларни сақлаш учун вақт меъёрлари,16,3,norm,,15-2-1,15-2-1,Қопламанинг бузилган жойларини 2 жадвал буйича таъмирлаш,К2-1,1 m2,0.77
15,15. Қаттиқ қопламали туташувчи йўлларни сақлаш учун вақт меъёрлари,16,4,norm,,15-3-1,15-3-1,"Яхмалакка қарши ашёлар (қум, туз) сепиш",К13-3,1 m3,"0,58"
15,15. Қаттиқ қопламали туташувчи йўлларни сақлаш учун вақт меъёрлари,16,5,norm,,15-4-1,15-4-1,"Қопламани қор ва муздан тозалаш, 0,15 cm гача",К20-4,100 m2,"9,8"
15,15. Қаттиқ қопламали туташувчи йўлларни сақлаш учун вақт меъёрлари,16,6,norm,,15-5-1,15-5-1,Чекка бордюрларини тўғрилаш,К15-2,1 pm,0.59
16,16. Қордан ҳимояловчи тўсиқларни сақлаш учун вақт меъёрлари,17,2,norm,,16-1-1,16-1-1,Асосини тузатиш,К16-1,1 асос,0.14
16,16. Қордан ҳимояловчи тўсиқларни сақлаш учун вақт меъёрлари,17,3,norm,,16-2-1,16-2-1,Тўсиқларни бўяш,К16-2,1 m2,0.52
16,16. Қордан ҳимояловчи тўсиқларни сақлаш учун вақт меъёрлари,17,4,norm,,16-3-1,16-3-1,Тўсиқни чанг ва ифлосликлардан тозалаш,К16-3,100 pm,0.66
17,17. Ёритиш тармоғини сақлаш учун вақт меъёрлари,18,2,norm,,17-1-1,17-1-1,Темирбетон устунларни бўяш,К17-1,1 дона,0.56
17,17. Ёритиш тармоғини сақлаш учун вақт меъёрлари,18,3,norm,,17-2-1,17-2-1,Ёритгичнинг метал қисмини бўяш,К17-2,1 дона,0.14
17,17. Ёритиш тармоғини сақлаш учун вақт меъёрлари,18,4,norm,,17-3-1,17-3-1,Устунларни чанг ва ифлосликлардан тозалаш,17-3,1 дона,0.31
17,17. Ёритиш тармоғини сақлаш учун вақт меъёрлари,18,5,norm,,17-4-1,17-4-1,Электор қутиларини сақлаш (бир мартаба қаров ишлари),,1 дона,4
17,17. Ёритиш тармоғини сақлаш учун вақт меъёрлари,18,6,norm,,17-5-1,17-5-1,Трансфарматорларни сақлаш (бир мартаба каров ишлари),,1 дона,4
17,17. Ёритиш тармоғини сақлаш учун вақт меъёрлари,18,7,norm,,17-6-1,17-6-1,Кўча чироқларини алмаштириш,,1 дона,0.6
18,18. Маъмурий бинолар ва ишлаб чиқариш иншоотларини сақлаш учун вақт меъёрлари,19,2,norm,,18-1-1,18-1-1,"Бино ҳудудини озода сақлаш, чанг ва ифлосликлардан тозалаш",К18-1,100 m2,1.05
18,18. Маъмурий бинолар ва ишлаб чиқариш иншоотларини сақлаш учун вақт меъёрлари,19,3,norm,,18-2-1,18-2-1,"Бино ички хоналарини саранжом саришта сақлаш, полларни ювиш, чангларни артиш",К18-2,100 m2,1.18
18,18. Маъмурий бинолар ва ишлаб чиқариш иншоотларини сақлаш учун вақт меъёрлари,19,4,norm,,18-3-1,18-3-1,Бинони ва бино ҳудудини қўриқлаш (ой буйича тўрт смена),К18-3,1 h,8.0
18,18. Маъмурий бинолар ва ишлаб чиқариш иншоотларини сақлаш учун вақт меъёрлари,19,5,norm,,18-4-1,18-4-1,Бино жойлашган ҳудудни ободонлаштириш (ойига бир марта),К18-4,1 h,8.0
18,18. Маъмурий бинолар ва ишлаб чиқариш иншоотларини сақлаш учун вақт меъёрлари,19,6,norm,,18-5-1,18-5-1,Сув оқова тизимини сақлаш (ойига бир марта),К18-5,1 иш куни,8.0
18,18. Маъмурий бинолар ва ишлаб чиқариш иншоотларини сақлаш учун вақт меъёрлари,19,7,norm,,18-6-1,18-6-1,Бино электр тизимини сақлаш (ойига бир марта),К18-6,1 h,8.0
18,18. Маъмурий бинолар ва ишлаб чиқариш иншоотларини сақлаш учун вақт меъёрлари,19,8,norm,,18-7-1,18-7-1,Газ таъминотини сақлаш (ойига бир марта),К18-7,1 h,8.0
19,"19. Кўкаламзорлаштириш, манзарали дарахтлар ва гулхоналарни сақлаш учун вақт меъёрлари",20,3,norm,,19-1,19-1,Эгатларни юмшатиш ва ўтдан тозалаш,К19-1,100 m2,1.75
19,"19. Кўкаламзорлаштириш, манзарали дарахтлар ва гулхоналарни сақлаш учун вақт меъёрлари",20,4,norm,,19-2,19-2,Тупроқни қўл кучи билан ағдариш,К19-2,,
19,"19. Кўкаламзорлаштириш, манзарали дарахтлар ва гулхоналарни сақлаш учун вақт меъёрлари",20,5,norm,,19-2-1,19-2-1,1 гуруҳ тупроқда 15 cm чуқурликда,А,100 m2,5.2
19,"19. Кўкаламзорлаштириш, манзарали дарахтлар ва гулхоналарни сақлаш учун вақт меъёрлари",20,6,norm,,19-2-2,19-2-2,25 cm чуқурликда,,100 m2,9.5
19,"19. Кўкаламзорлаштириш, манзарали дарахтлар ва гулхоналарни сақлаш учун вақт меъёрлари",20,7,norm,,19-2-3,19-2-3,2 гуруҳ тупроқда 15 cm чуқурликда,Б,100 m2,6.9
19,"19. Кўкаламзорлаштириш, манзарали дарахтлар ва гулхоналарни сақлаш учун вақт меъёрлари",20,8,norm,,19-2-4,19-2-4,25 cm чуқурликда,,100 m2,14
19,"19. Кўкаламзорлаштириш, манзарали дарахтлар ва гулхоналарни сақлаш учун вақт меъёрлари",20,9,norm,,19-2-5,19-2-5,3 гуруҳ тупроқда 15 cm чуқурликда,В,100 m2,10
19,"19. Кўкаламзорлаштириш, манзарали дарахтлар ва гулхоналарни сақлаш учун вақт меъёрлари",20,10,norm,,19-2-6,19-2-6,25 cm чуқурликда,,100 m2,21
19,"19. Кўкаламзорлаштириш, манзарали дарахтлар ва гулхоналарни сақлаш учун вақт меъёрлари",20,11,norm,,19-3,19-3,"Тупроқни текислаш, тош ва дарахт илдизларини териш билан",К19-3,,
19,"19. Кўкаламзорлаштириш, манзарали дарахтлар ва гулхоналарни сақлаш учун вақт меъёрлари",20,12,norm,,19-3-1,19-3-1,1 гуруҳ тупроқда,,100 m2,2.6
19,"19. Кўкаламзорлаштириш, манзарали дарахтлар ва гулхоналарни сақлаш учун вақт меъёрлари",20,13,norm,,19-3-2,19-3-2,2 гуруҳ тупроқда,,100 m2,4.4
19,"19. Кўкаламзорлаштириш, манзарали дарахтлар ва гулхоналарни сақлаш учун вақт меъёрлари",20,14,norm,,19-3-3,19-3-3,3 гуруҳ тупроқда,,100 m2,6.5
19,"19. Кўкаламзорлаштириш, манзарали дарахтлар ва гулхоналарни сақлаш учун вақт меъёрлари",20,15,norm,,19-4,19-4,Чопиб текисланган жойга жўяк очиш,К19-4,,
19,"19. Кўкаламзорлаштириш, манзарали дарахтлар ва гулхоналарни сақлаш учун вақт меъёрлари",20,16,norm,,19-4-1,19-4-1,1 гуруҳ тупроқда,,100 m2,3.8
19,"19. Кўкаламзорлаштириш, манзарали дарахтлар ва гулхоналарни сақлаш учун вақт меъёрлари",20,17,norm,,19-4-2,19-4-2,2 гуруҳ тупроқда,,100 m2,6.3
19,"19. Кўкаламзорлаштириш, манзарали дарахтлар ва гулхоналарни сақлаш учун вақт меъёрлари",20,18,norm,,19-4-3,19-4-3,3 гуруҳ тупроқда,,100 m2,8.6
19,"19. Кўкаламзорлаштириш, манзарали дарахтлар ва гулхоналарни сақлаш учун вақт меъёрлари",20,19,norm,,19-5-1,19-5-1,Уруғ сепиш,К19-5,100 m2,0.36
19,"19. Кўкаламзорлаштириш, манзарали дарахтлар ва гулхоналарни сақлаш учун вақт меъёрлари",20,20,norm,,19-6-1,19-6-1,Мавсумий гул кўчат экиш,К19-6,100 m2,0.39
19,"19. Кўкаламзорлаштириш, манзарали дарахтлар ва гулхоналарни сақлаш учун вақт меъёрлари",20,21,norm,,19-7-1,19-7-1,Дарахт ниҳолларини экиш,К19-7,100 дона,"72,2"
19,"19. Кўкаламзорлаштириш, манзарали дарахтлар ва гулхоналарни сақлаш учун вақт меъёрлари",20,22,norm,,19-8-1,19-8-1,Кўчатларни 100 m гача олиб бориб тарқатиш,К19-8,100 дона,"1,45"
19,"19. Кўкаламзорлаштириш, манзарали дарахтлар ва гулхоналарни сақлаш учун вақт меъёрлари",20,23,norm,,19-9-1,19-9-1,Газонларни (майсазорларни) ўриш,К19-9,1000 m2,"0,49"
19,"19. Кўкаламзорлаштириш, манзарали дарахтлар ва гулхоналарни сақлаш учун вақт меъёрлари",20,24,norm,,19-10-1,19-10-1,Бошқа жойга экиш учун кўчатларни кавлаб олиш,К19-10,1 дона,0.40
19,"19. Кўкаламзорлаштириш, манзарали дарахтлар ва гулхоналарни сақлаш учун вақт меъёрлари",20,25,norm,,19-11-1,19-11-1,Кўп йиллик гул кучатларни экиш,К19-11,100 дона,"1,7"
19,"19. Кўкаламзорлаштириш, манзарали дарахтлар ва гулхоналарни сақлаш учун вақт меъёрлари",20,26,norm,,19-12-1,19-12-1,Ерга гўнг ва ўғит сепиш,К19-12,1 t,"0,52"
19,"19. Кўкаламзорлаштириш, манзарали дарахтлар ва гулхоналарни сақлаш учун вақт меъёрлари",20,27,norm,,19-13-1,19-13-1,Гулзорни суғориш,К19-13,1000 m2,
19,"19. Кўкаламзорлаштириш, манзарали дарахтлар ва гулхоналарни сақлаш учун вақт меъёрлари",20,28,variant_or_continuation,,,19-13-1,Шланг ёрдамида суғориш,,1000 m2,"0,7-1,0"
19,"19. Кўкаламзорлаштириш, манзарали дарахтлар ва гулхоналарни сақлаш учун вақт меъёрлари",20,29,variant_or_continuation,,,19-13-1,Моторли сув насоси ёрдамида суғориш,,1000 m2,"0,4-,0,6"
19,"19. Кўкаламзорлаштириш, манзарали дарахтлар ва гулхоналарни сақлаш учун вақт меъёрлари",20,30,norm,,19-14-1,19-14-1,Майдонни кўкаламзорлаштириш учун тайёрлаш– Майдон режасини тузиш Каноптола,Е4701-001,100 м2,"0,0002"
19,"19. Кўкаламзорлаштириш, манзарали дарахтлар ва гулхоналарни сақлаш учун вақт меъёрлари",20,31,variant_or_continuation,,,19-14-1,"Нинабаргли ўсимликлардан арраланган материаллар. 4-6,5 м узунликдаги кесилмаган дарахтлар, барча кенгликларда, қалинлиги 16 мм, IV навли",,,"0,001"
19,"19. Кўкаламзорлаштириш, манзарали дарахтлар ва гулхоналарни сақлаш учун вақт меъёрлари",20,32,norm,,19-14-2,19-14-2,1-2 ёшли дарахтларни қўлда оқартириш,Е4701-097-01,1000 дарахт,
19,"19. Кўкаламзорлаштириш, манзарали дарахтлар ва гулхоналарни сақлаш учун вақт меъёрлари",20,33,variant_or_continuation,,,19-14-2,"Сўндирилмаган донадор қурилиш оҳаки, 1-нав",,т,"0,038"
19,"19. Кўкаламзорлаштириш, манзарали дарахтлар ва гулхоналарни сақлаш учун вақт меъёрлари",20,34,variant_or_continuation,,,19-14-2,Сув,,м3,"0,114"
19,"19. Кўкаламзорлаштириш, манзарали дарахтлар ва гулхоналарни сақлаш учун вақт меъёрлари",20,35,norm,,19-14-3,19-14-3,3-5 ёшли дарахтларни қўлда оқартириш,Е4701-097-02,1000 дарахт,
19,"19. Кўкаламзорлаштириш, манзарали дарахтлар ва гулхоналарни сақлаш учун вақт меъёрлари",20,36,variant_or_continuation,,,19-14-3,"Сўндирилмаган донадор қурилиш оҳаки, 1-нав",,т,"0,088"
19,"19. Кўкаламзорлаштириш, манзарали дарахтлар ва гулхоналарни сақлаш учун вақт меъёрлари",20,37,variant_or_continuation,,,19-14-3,Сув,,м3,"0,264"
19,"19. Кўкаламзорлаштириш, манзарали дарахтлар ва гулхоналарни сақлаш учун вақт меъёрлари",20,38,norm,,19-14-4,19-14-4,6-8 ёшли дарахтларни қўлда оқартириш,Е4701-097-03,1000 дарахт,
19,"19. Кўкаламзорлаштириш, манзарали дарахтлар ва гулхоналарни сақлаш учун вақт меъёрлари",20,39,variant_or_continuation,,,19-14-4,"Сўндирилмаган донадор қурилиш оҳаки, 1-нав",,т,"0,125"
19,"19. Кўкаламзорлаштириш, манзарали дарахтлар ва гулхоналарни сақлаш учун вақт меъёрлари",20,40,variant_or_continuation,,,19-14-4,Сув,,м3,"0,375"
19,"19. Кўкаламзорлаштириш, манзарали дарахтлар ва гулхоналарни сақлаш учун вақт меъёрлари",20,41,norm,,19-14-5,19-14-5,"0,2х0,15 ва 0,25х0,2 м ўлчамдаги бўлакли ер майдонлардаги дарахт ёки буталарни парваришлаш",Е4701-067-01,10 дарахт ёки буталар,
19,"19. Кўкаламзорлаштириш, манзарали дарахтлар ва гулхоналарни сақлаш учун вақт меъёрлари",20,42,variant_or_continuation,,,19-14-5,Қоп матоси,,10m2,"0,15"
19,"19. Кўкаламзорлаштириш, манзарали дарахтлар ва гулхоналарни сақлаш учун вақт меъёрлари",20,43,variant_or_continuation,,,19-14-5,Қаноптола,,t,"0,00003"
19,"19. Кўкаламзорлаштириш, манзарали дарахтлар ва гулхоналарни сақлаш учун вақт меъёрлари",20,44,variant_or_continuation,,,19-14-5,2200х60 мм Ўрнатиладиган ёғоч тахталар,,q,2
19,"19. Кўкаламзорлаштириш, манзарали дарахтлар ва гулхоналарни сақлаш учун вақт меъёрлари",20,45,variant_or_continuation,,,19-14-5,Сув,,m3,"0,42"
19,"19. Кўкаламзорлаштириш, манзарали дарахтлар ва гулхоналарни сақлаш учун вақт меъёрлари",20,46,norm,,19-14-6,19-14-6,"0,3х0,3 м ўлчамдаги бўлакли ер майдонлардаги дарахт ёки буталарни парваришлаш",Е4701-067-02,10 дарахт ёки буталар,
19,"19. Кўкаламзорлаштириш, манзарали дарахтлар ва гулхоналарни сақлаш учун вақт меъёрлари",20,47,variant_or_continuation,,,19-14-6,Қоп матоси,,10m2,"0,15"
19,"19. Кўкаламзорлаштириш, манзарали дарахтлар ва гулхоналарни сақлаш учун вақт меъёрлари",20,48,variant_or_continuation,,,19-14-6,Қаноптола,,t,"0,00003"
19,"19. Кўкаламзорлаштириш, манзарали дарахтлар ва гулхоналарни сақлаш учун вақт меъёрлари",20,49,variant_or_continuation,,,19-14-6,2200х60 мм Ўрнатиладиган ёғоч тахталар,,q,2
19,"19. Кўкаламзорлаштириш, манзарали дарахтлар ва гулхоналарни сақлаш учун вақт меъёрлари",20,50,variant_or_continuation,,,19-14-6,Сув,,m3,"1,2"
19,"19. Кўкаламзорлаштириш, манзарали дарахтлар ва гулхоналарни сақлаш учун вақт меъёрлари",20,51,norm,,19-14-7,19-14-7,"0,5х0,4 м ўлчамдаги бўлакли ер майдонлардаги дарахт ёки буталарни парваришлаш",Е4701-067-03,10 дарахт ёки буталар.,
19,"19. Кўкаламзорлаштириш, манзарали дарахтлар ва гулхоналарни сақлаш учун вақт меъёрлари",20,52,variant_or_continuation,,,19-14-7,Қоп матоси,,10m2,"0,15"
19,"19. Кўкаламзорлаштириш, манзарали дарахтлар ва гулхоналарни сақлаш учун вақт меъёрлари",20,53,variant_or_continuation,,,19-14-7,Қаноптола,,t,"0,00007"
19,"19. Кўкаламзорлаштириш, манзарали дарахтлар ва гулхоналарни сақлаш учун вақт меъёрлари",20,54,variant_or_continuation,,,19-14-7,2200х60 мм Ўрнатиладиган ёғоч тахталар,,q,4
19,"19. Кўкаламзорлаштириш, манзарали дарахтлар ва гулхоналарни сақлаш учун вақт меъёрлари",20,55,variant_or_continuation,,,19-14-7,Сув,,m3,"1,6"
19,"19. Кўкаламзорлаштириш, манзарали дарахтлар ва гулхоналарни сақлаш учун вақт меъёрлари",20,56,norm,,19-14-8,19-14-8,"0,8х0,6 м ўлчамдаги бўлакли ер майдонлардаги дарахт ёки буталарни парваришлаш",Е4701-067-04,10 дарахт ёки буталар,
19,"19. Кўкаламзорлаштириш, манзарали дарахтлар ва гулхоналарни сақлаш учун вақт меъёрлари",20,57,norm,,19-14-8,19-14-8,Қоп матоси,Е4701-067-04,10m2,"0,15"
19,"19. Кўкаламзорлаштириш, манзарали дарахтлар ва гулхоналарни сақлаш учун вақт меъёрлари",20,58,norm,,19-14-8,19-14-8,Қаноптола,Е4701-067-04,t,"0,00007"
19,"19. Кўкаламзорлаштириш, манзарали дарахтлар ва гулхоналарни сақлаш учун вақт меъёрлари",20,59,norm,,19-14-8,19-14-8,2200х60 мм Ўрнатиладиган ёғоч тахталар,Е4701-067-04,q,4
19,"19. Кўкаламзорлаштириш, манзарали дарахтлар ва гулхоналарни сақлаш учун вақт меъёрлари",20,60,norm,,19-14-8,19-14-8,Сув,Е4701-067-04,m3,5
19,"19. Кўкаламзорлаштириш, манзарали дарахтлар ва гулхоналарни сақлаш учун вақт меъёрлари",20,61,norm,,19-14-9,19-14-9,"0,5х0,5х0,4 м ўлчамдаги бўлакли ер майдонлардаги дарахт ёки буталарни парваришлаш",Е4701-067-05,10 дарахт ёки буталар,
19,"19. Кўкаламзорлаштириш, манзарали дарахтлар ва гулхоналарни сақлаш учун вақт меъёрлари",20,62,norm,,19-14-9,19-14-9,Қоп матоси,Е4701-067-05,10m2,"0,15"
19,"19. Кўкаламзорлаштириш, манзарали дарахтлар ва гулхоналарни сақлаш учун вақт меъёрлари",20,63,norm,,19-14-9,19-14-9,Қаноптола,Е4701-067-05,t,"0,00007"
19,"19. Кўкаламзорлаштириш, манзарали дарахтлар ва гулхоналарни сақлаш учун вақт меъёрлари",20,64,norm,,19-14-9,19-14-9,2200х60 мм Ўрнатиладиган ёғоч тахталар,Е4701-067-05,q,4
19,"19. Кўкаламзорлаштириш, манзарали дарахтлар ва гулхоналарни сақлаш учун вақт меъёрлари",20,65,norm,,19-14-10,19-14-10,Сув,Е4701-067-05,m3,"1,6"
19,"19. Кўкаламзорлаштириш, манзарали дарахтлар ва гулхоналарни сақлаш учун вақт меъёрлари",20,66,norm,,19-14-11,19-14-11,"0,8х0,8х0,5м ўлчамдаги бўлакли ер майдонлардаги дарахт ёки буталарни парваришлаш",Е4701-067-06,10 дарахт ёки буталар,
19,"19. Кўкаламзорлаштириш, манзарали дарахтлар ва гулхоналарни сақлаш учун вақт меъёрлари",20,67,norm,,19-14-11,19-14-11,Қоп матоси,Е4701-067-06,10m2,"0,15"
19,"19. Кўкаламзорлаштириш, манзарали дарахтлар ва гулхоналарни сақлаш учун вақт меъёрлари",20,68,norm,,19-14-11,19-14-11,Қаноптола,Е4701-067-06,t,"0,00007"
19,"19. Кўкаламзорлаштириш, манзарали дарахтлар ва гулхоналарни сақлаш учун вақт меъёрлари",20,69,norm,,19-14-11,19-14-11,2200х60 мм Ўрнатиладиган ёғоч тахталар,Е4701-067-06,q,4
19,"19. Кўкаламзорлаштириш, манзарали дарахтлар ва гулхоналарни сақлаш учун вақт меъёрлари",20,70,norm,,19-14-11,19-14-11,Сув,Е4701-067-06,m3,5
19,"19. Кўкаламзорлаштириш, манзарали дарахтлар ва гулхоналарни сақлаш учун вақт меъёрлари",20,71,norm,,19-14-12,19-14-12,"1,0х1,0х0,6 м ўлчамдаги бўлакли ер майдонлардаги дарахт ёки буталарни парваришлаш",Е4701-067-07,10 дарахт ёки буталар,
19,"19. Кўкаламзорлаштириш, манзарали дарахтлар ва гулхоналарни сақлаш учун вақт меъёрлари",20,72,norm,,19-14-12,19-14-12,Қоп матоси,Е4701-067-07,10m2,"0,15"
19,"19. Кўкаламзорлаштириш, манзарали дарахтлар ва гулхоналарни сақлаш учун вақт меъёрлари",20,73,norm,,19-14-12,19-14-12,Қаноптола,Е4701-067-07,t,"0,00007"
19,"19. Кўкаламзорлаштириш, манзарали дарахтлар ва гулхоналарни сақлаш учун вақт меъёрлари",20,74,norm,,19-14-12,19-14-12,2200х60 мм Ўрнатиладиган ёғоч тахталар,Е4701-067-07,q,4
19,"19. Кўкаламзорлаштириш, манзарали дарахтлар ва гулхоналарни сақлаш учун вақт меъёрлари",20,75,norm,,19-14-12,19-14-12,Сув,Е4701-067-07,m3,10
19,"19. Кўкаламзорлаштириш, манзарали дарахтлар ва гулхоналарни сақлаш учун вақт меъёрлари",20,76,norm,,19-14-13,19-14-13,"1,3х1,3х0,6м ўлчамдаги бўлакли ер майдонлардаги дарахт ёки буталарни парваришлаш",Е4701-067-08,10 дарахт ёки буталар,
19,"19. Кўкаламзорлаштириш, манзарали дарахтлар ва гулхоналарни сақлаш учун вақт меъёрлари",20,77,norm,,19-14-13,19-14-13,Қоп матоси,Е4701-067-08,10m2,"0,2"
19,"19. Кўкаламзорлаштириш, манзарали дарахтлар ва гулхоналарни сақлаш учун вақт меъёрлари",20,78,norm,,19-14-13,19-14-13,Қаноптола,Е4701-067-08,t,"0,00007"
19,"19. Кўкаламзорлаштириш, манзарали дарахтлар ва гулхоналарни сақлаш учун вақт меъёрлари",20,79,norm,,19-14-13,19-14-13,2200х60 мм Ўрнатиладиган ёғоч тахталар,Е4701-067-08,q,4
19,"19. Кўкаламзорлаштириш, манзарали дарахтлар ва гулхоналарни сақлаш учун вақт меъёрлари",20,80,norm,,19-14-13,19-14-13,Сув,Е4701-067-08,m3,15
19,"19. Кўкаламзорлаштириш, манзарали дарахтлар ва гулхоналарни сақлаш учун вақт меъёрлари",20,81,norm,,19-14-14,19-14-14,"1,5х1,5х0,65 м ўлчамдаги бўлакли ер майдонлардаги дарахт ёки буталарни парваришлаш",Е4701-067-09,10 дарахт ёки буталар.,
19,"19. Кўкаламзорлаштириш, манзарали дарахтлар ва гулхоналарни сақлаш учун вақт меъёрлари",20,82,norm,,19-14-14,19-14-14,Қоп матоси,Е4701-067-09,10m2,"0,24"
19,"19. Кўкаламзорлаштириш, манзарали дарахтлар ва гулхоналарни сақлаш учун вақт меъёрлари",20,83,norm,,19-14-14,19-14-14,Қаноптола,Е4701-067-09,t,"0,0001"
19,"19. Кўкаламзорлаштириш, манзарали дарахтлар ва гулхоналарни сақлаш учун вақт меъёрлари",20,84,norm,,19-14-14,19-14-14,2200х60 мм Ўрнатиладиган ёғоч тахталар,Е4701-067-09,q,6
19,"19. Кўкаламзорлаштириш, манзарали дарахтлар ва гулхоналарни сақлаш учун вақт меъёрлари",20,85,norm,,19-14-14,19-14-14,Сув,,m3,20
19,"19. Кўкаламзорлаштириш, манзарали дарахтлар ва гулхоналарни сақлаш учун вақт меъёрлари",20,86,norm,,19-14-15,19-14-15,"1,7х1,7х0,65 м ўлчамдаги бўлакли ер майдонлардаги дарахт ёки буталарни парваришлаш",Е4701-067-10,10 дарахт ёки буталар,
19,"19. Кўкаламзорлаштириш, манзарали дарахтлар ва гулхоналарни сақлаш учун вақт меъёрлари",20,87,norm,,19-14-15,19-14-15,Қоп матоси,Е4701-067-10,10m2,"0,28"
19,"19. Кўкаламзорлаштириш, манзарали дарахтлар ва гулхоналарни сақлаш учун вақт меъёрлари",20,88,norm,,19-14-15,19-14-15,Қаноптола,Е4701-067-10,t,"0,0001"
19,"19. Кўкаламзорлаштириш, манзарали дарахтлар ва гулхоналарни сақлаш учун вақт меъёрлари",20,89,norm,,19-14-15,19-14-15,2200х60 мм Ўрнатиладиган ёғоч тахталар,Е4701-067-10,q,6
19,"19. Кўкаламзорлаштириш, манзарали дарахтлар ва гулхоналарни сақлаш учун вақт меъёрлари",20,90,norm,,19-14-15,19-14-15,Сув,Е4701-067-10,m3,30
19,"19. Кўкаламзорлаштириш, манзарали дарахтлар ва гулхоналарни сақлаш учун вақт меъёрлари",20,91,norm,,19-15,19-15,Яшил ўсимликларни шлангдан ёки суғориш-ювиш машиналари билан суғориш,Е4701-084-01,1m3,
19,"19. Кўкаламзорлаштириш, манзарали дарахтлар ва гулхоналарни сақлаш учун вақт меъёрлари",20,92,norm,,19-15,19-15,Сув,Е4701-084-01,m3,1
19,"19. Кўкаламзорлаштириш, манзарали дарахтлар ва гулхоналарни сақлаш учун вақт меъёрлари",20,93,norm,,19-15-1,19-15-1,Яшил ўсимликларни челакдан ёки шлангдан суғориш,Е4701-084-02,1m3,
19,"19. Кўкаламзорлаштириш, манзарали дарахтлар ва гулхоналарни сақлаш учун вақт меъёрлари",20,94,norm,,19-15-1,19-15-1,Сув,Е4701-084-02,m3,1
19,"19. Кўкаламзорлаштириш, манзарали дарахтлар ва гулхоналарни сақлаш учун вақт меъёрлари",20,95,norm,,19-15-2,19-15-2,Яшил ўсимликларни челакдан суғориш,Е4701-084-03,1m3,
19,"19. Кўкаламзорлаштириш, манзарали дарахтлар ва гулхоналарни сақлаш учун вақт меъёрлари",20,96,norm,,19-15-2,19-15-2,Сув,Е4701-084-03,m3,1
19,"19. Кўкаламзорлаштириш, манзарали дарахтлар ва гулхоналарни сақлаш учун вақт меъёрлари",20,97,norm,,19-16,19-16,Агроминерал ўғитларни механизацияланган ташиш,Е4702-051-01,10 т,10
19,"19. Кўкаламзорлаштириш, манзарали дарахтлар ва гулхоналарни сақлаш учун вақт меъёрлари",20,98,norm,,19-17,19-17,Кўп йиллик ўсимликлар гулзорларига ғамхўрлик қилиш,Е4701-070-01,100 m2,
19,"19. Кўкаламзорлаштириш, манзарали дарахтлар ва гулхоналарни сақлаш учун вақт меъёрлари",20,99,norm,,19-17,19-17,Сув,Е4701-070-01,m3,22
19,"19. Кўкаламзорлаштириш, манзарали дарахтлар ва гулхоналарни сақлаш учун вақт меъёрлари",20,100,norm,,19-18,19-18,Партерли майсазорларни парвариш қилиш,Е4701-070-02,100 m2,
19,"19. Кўкаламзорлаштириш, манзарали дарахтлар ва гулхоналарни сақлаш учун вақт меъёрлари",20,101,norm,,19-18,19-18,Сув,Е4701-070-02,m3,30
19,"19. Кўкаламзорлаштириш, манзарали дарахтлар ва гулхоналарни сақлаш учун вақт меъёрлари",20,102,norm,,19-19,19-19,Оддий майсазорларни парвариш қилиш,Е4701-070-03,100 m2,
19,"19. Кўкаламзорлаштириш, манзарали дарахтлар ва гулхоналарни сақлаш учун вақт меъёрлари",20,103,norm,,19-19,19-19,Сув,Е4701-070-03,m3,10
19,"19. Кўкаламзорлаштириш, манзарали дарахтлар ва гулхоналарни сақлаш учун вақт меъёрлари",20,104,norm,,19-20,19-20,Тоғ боғлар ва тош боғларда ўсимликлар парвариши,Е4701-072-01,100m2,
19,"19. Кўкаламзорлаштириш, манзарали дарахтлар ва гулхоналарни сақлаш учун вақт меъёрлари",20,105,norm,,19-20,19-20,Сув,Е4701-072-01,m3,12
19,"19. Кўкаламзорлаштириш, манзарали дарахтлар ва гулхоналарни сақлаш учун вақт меъёрлари",20,106,norm,,19-21,19-21,Иссиқликни яхши кўрувчи буталарни ҳамда атиргулларни қишда қоплаш,Е4701-073-01,,
19,"19. Кўкаламзорлаштириш, манзарали дарахтлар ва гулхоналарни сақлаш учун вақт меъёрлари",20,107,norm,,19-21,19-21,Каноптоладан тайёрланган техник арқон,Е4701-073-01,t,"0,00056 0,00056"
19,"19. Кўкаламзорлаштириш, манзарали дарахтлар ва гулхоналарни сақлаш учун вақт меъёрлари",20,108,norm,,19-21,19-21,"Турли мақсадлар учун и шлатилувчи пўлатдан ясалган кам углеродли рухланган, диаметри 3,0 мм бўлган сим",Е4701-073-01,t,"0,00056 0,00056"
19,"19. Кўкаламзорлаштириш, манзарали дарахтлар ва гулхоналарни сақлаш учун вақт меъёрлари",20,109,norm,,19-21,19-21,Қоплама материаллари,Е4701-073-01,t,П
19,"19. Кўкаламзорлаштириш, манзарали дарахтлар ва гулхоналарни сақлаш учун вақт меъёрлари",20,110,norm,,19-21-1,19-21-1,Қўп йилли иссиқликни яхши кўрувчи гулларни қишда қоплаш,Е4701-074-01,100m2,
19,"19. Кўкаламзорлаштириш, манзарали дарахтлар ва гулхоналарни сақлаш учун вақт меъёрлари",20,111,norm,,19-21-1,19-21-1,Чиринди,Е4701-074-01,m3,20
19,"19. Кўкаламзорлаштириш, манзарали дарахтлар ва гулхоналарни сақлаш учун вақт меъёрлари",20,112,norm,,19-21-1,19-21-1,Қоплама материаллари,Е4701-074-01,t,П
19,"19. Кўкаламзорлаштириш, манзарали дарахтлар ва гулхоналарни сақлаш учун вақт меъёрлари",20,113,norm,,19-22,19-22,"0,2х0,15 м ўлчамдаги бўлакли ер майдонлардаги дарахт ёки буталарни тайёрлаш",10 дарахт ёки буталар,,
19,"19. Кўкаламзорлаштириш, манзарали дарахтлар ва гулхоналарни сақлаш учун вақт меъёрлари",20,114,norm,,19-22,19-22,Каноптоладан тайёрланган техник арқон,10 дарахт ёки буталар,т,"0,0075"
19,"19. Кўкаламзорлаштириш, манзарали дарахтлар ва гулхоналарни сақлаш учун вақт меъёрлари",20,115,norm,,19-22,19-22,Қоп матоси,10 дарахт ёки буталар,10 м2,"0,64"
19,"19. Кўкаламзорлаштириш, манзарали дарахтлар ва гулхоналарни сақлаш учун вақт меъёрлари",20,116,norm,,19-22,19-22,Қаноптола,10 дарахт ёки буталар,т,"0,0005"
19,"19. Кўкаламзорлаштириш, манзарали дарахтлар ва гулхоналарни сақлаш учун вақт меъёрлари",20,117,norm,,19-22,19-22,Ўсимлик ерлари,10 дарахт ёки буталар,м3,"0,2"
19,"19. Кўкаламзорлаштириш, манзарали дарахтлар ва гулхоналарни сақлаш учун вақт меъёрлари",20,118,norm,,19-22-1,19-22-1,"0,25х0,2 м ўлчамдаги бўлакли ер майдонлардаги дарахт ёки буталарни тайёрлаш",10 дарахт ёки буталар,,
19,"19. Кўкаламзорлаштириш, манзарали дарахтлар ва гулхоналарни сақлаш учун вақт меъёрлари",20,119,norm,,19-22-1,19-22-1,Каноптоладан тайёрланган техник арқон,10 дарахт ёки буталар,т,"0,0075"
19,"19. Кўкаламзорлаштириш, манзарали дарахтлар ва гулхоналарни сақлаш учун вақт меъёрлари",20,120,norm,,19-22-1,19-22-1,Қоп матоси,10 дарахт ёки буталар,10 м2,"0,64"
19,"19. Кўкаламзорлаштириш, манзарали дарахтлар ва гулхоналарни сақлаш учун вақт меъёрлари",20,121,norm,,19-22-1,19-22-1,Қаноптола,10 дарахт ёки буталар,т,"0,0005"
19,"19. Кўкаламзорлаштириш, манзарали дарахтлар ва гулхоналарни сақлаш учун вақт меъёрлари",20,122,norm,,19-22-1,19-22-1,Ўсимлик ерлари,10 дарахт ёки буталар,м3,"0,4"
19,"19. Кўкаламзорлаштириш, манзарали дарахтлар ва гулхоналарни сақлаш учун вақт меъёрлари",20,123,norm,,19-22-2,19-22-2,"0,3х0,3 м ўлчамдаги бўлакли ер майдонлардаги дарахт ёки буталарни тайёрлаш",10 дарахт ёки буталар,,
19,"19. Кўкаламзорлаштириш, манзарали дарахтлар ва гулхоналарни сақлаш учун вақт меъёрлари",20,124,norm,,19-22-2,19-22-2,Каноптоладан тайёрланган техник арқон,10 дарахт ёки буталар,т,"0,0075"
19,"19. Кўкаламзорлаштириш, манзарали дарахтлар ва гулхоналарни сақлаш учун вақт меъёрлари",20,125,norm,,19-22-2,19-22-2,Қоп матоси,10 дарахт ёки буталар,10 м2,"0,64"
19,"19. Кўкаламзорлаштириш, манзарали дарахтлар ва гулхоналарни сақлаш учун вақт меъёрлари",20,126,norm,,19-22-2,19-22-2,Қаноптола,10 дарахт ёки буталар,т,"0,0005"
19,"19. Кўкаламзорлаштириш, манзарали дарахтлар ва гулхоналарни сақлаш учун вақт меъёрлари",20,127,norm,,19-22-2,19-22-2,Ўсимлик ерлари,10 дарахт ёки буталар,м3,"0,8"
19,"19. Кўкаламзорлаштириш, манзарали дарахтлар ва гулхоналарни сақлаш учун вақт меъёрлари",20,128,norm,,19-22-3,19-22-3,"0,5х0,4 м ўлчамдаги бўлакли ер майдонлардаги дарахт ёки буталарни тайёрлаш",10 дарахт ёки буталар,,
19,"19. Кўкаламзорлаштириш, манзарали дарахтлар ва гулхоналарни сақлаш учун вақт меъёрлари",20,129,norm,,19-22-3,19-22-3,Каноптоладан тайёрланган техник арқон,10 дарахт ёки буталар,т,"0,0095"
19,"19. Кўкаламзорлаштириш, манзарали дарахтлар ва гулхоналарни сақлаш учун вақт меъёрлари",20,130,norm,,19-22-3,19-22-3,Қоп матоси,10 дарахт ёки буталар,10 м2,"1,22"
19,"19. Кўкаламзорлаштириш, манзарали дарахтлар ва гулхоналарни сақлаш учун вақт меъёрлари",20,131,norm,,19-22-3,19-22-3,Қаноптола,10 дарахт ёки буталар,т,"0,0007"
19,"19. Кўкаламзорлаштириш, манзарали дарахтлар ва гулхоналарни сақлаш учун вақт меъёрлари",20,132,norm,,19-22-3,19-22-3,Ўсимлик ерлари,10 дарахт ёки буталар,м3,"3,1"
19,"19. Кўкаламзорлаштириш, манзарали дарахтлар ва гулхоналарни сақлаш учун вақт меъёрлари",20,133,norm,,19-22-4,19-22-4,"0,8х0,6 м ўлчамдаги бўлакли ер майдонлардаги дарахт ёки буталарни тайёрлаш",10 дарахт ёки буталар,,
19,"19. Кўкаламзорлаштириш, манзарали дарахтлар ва гулхоналарни сақлаш учун вақт меъёрлари",20,134,norm,,19-22-4,19-22-4,Каноптоладан тайёрланган техник арқон,10 дарахт ёки буталар,т,"0,0135"
19,"19. Кўкаламзорлаштириш, манзарали дарахтлар ва гулхоналарни сақлаш учун вақт меъёрлари",20,135,norm,,19-22-4,19-22-4,Қоп матоси,10 дарахт ёки буталар,10 м2,"2,26"
19,"19. Кўкаламзорлаштириш, манзарали дарахтлар ва гулхоналарни сақлаш учун вақт меъёрлари",20,136,norm,,19-22-4,19-22-4,Қаноптола,10 дарахт ёки буталар,т,"0,0009"
19,"19. Кўкаламзорлаштириш, манзарали дарахтлар ва гулхоналарни сақлаш учун вақт меъёрлари",20,137,norm,,19-22-4,19-22-4,Ўсимлик ерлари,10 дарахт ёки буталар,м3,12
19,"19. Кўкаламзорлаштириш, манзарали дарахтлар ва гулхоналарни сақлаш учун вақт меъёрлари",20,138,norm,,19-22-5,19-22-5,"1,0х1,0х0,6 м ўлчамдаги бўлакли ер майдонлардаги дарахт ёки буталарни тайёрлаш",10 дарахт ёки буталар,,
19,"19. Кўкаламзорлаштириш, манзарали дарахтлар ва гулхоналарни сақлаш учун вақт меъёрлари",20,139,norm,,19-22-5,19-22-5,Каноптоладан тайёрланган техник арқон,10 дарахт ёки буталар,т,"0,014"
19,"19. Кўкаламзорлаштириш, манзарали дарахтлар ва гулхоналарни сақлаш учун вақт меъёрлари",20,140,norm,,19-22-5,19-22-5,Қоп матоси,10 дарахт ёки буталар,10 м2,5
19,"19. Кўкаламзорлаштириш, манзарали дарахтлар ва гулхоналарни сақлаш учун вақт меъёрлари",20,141,norm,,19-22-5,19-22-5,Қаноптола,10 дарахт ёки буталар,т,"0,0009"
19,"19. Кўкаламзорлаштириш, манзарали дарахтлар ва гулхоналарни сақлаш учун вақт меъёрлари",20,142,norm,,19-22-5,19-22-5,Ўсимлик ерлари,10 дарахт ёки буталар,м3,6
19,"19. Кўкаламзорлаштириш, манзарали дарахтлар ва гулхоналарни сақлаш учун вақт меъёрлари",20,143,norm,,19-22-6,19-22-6,"1,3х1,3х0,6 м ўлчамдаги бўлакли ер майдонлардаги дарахт ёки буталарни тайёрлаш",10 дарахт ёки буталар,,
19,"19. Кўкаламзорлаштириш, манзарали дарахтлар ва гулхоналарни сақлаш учун вақт меъёрлари",20,144,norm,,19-22-6,19-22-6,Каноптоладан тайёрланган техник арқон,10 дарахт ёки буталар,т,"0,02"
19,"19. Кўкаламзорлаштириш, манзарали дарахтлар ва гулхоналарни сақлаш учун вақт меъёрлари",20,145,norm,,19-22-6,19-22-6,Қоп матоси,10 дарахт ёки буталар,10 м2,7
19,"19. Кўкаламзорлаштириш, манзарали дарахтлар ва гулхоналарни сақлаш учун вақт меъёрлари",20,146,norm,,19-22-6,19-22-6,Қаноптола,10 дарахт ёки буталар,т,"0,0009"
19,"19. Кўкаламзорлаштириш, манзарали дарахтлар ва гулхоналарни сақлаш учун вақт меъёрлари",20,147,norm,,19-22-6,19-22-6,Ўсимлик ерлари,10 дарахт ёки буталар,м3,"10,1"
19,"19. Кўкаламзорлаштириш, манзарали дарахтлар ва гулхоналарни сақлаш учун вақт меъёрлари",20,148,norm,,19-22-7,19-22-7,"1,7х1,7х0,65 м ўлчамдаги бўлакли ер майдонлардаги дарахт ёки буталарни тайёрлаш",10 дарахт ёки буталар,,
19,"19. Кўкаламзорлаштириш, манзарали дарахтлар ва гулхоналарни сақлаш учун вақт меъёрлари",20,149,norm,,19-22-7,19-22-7,Каноптоладан тайёрланган техник арқон,,т,"0,02"
19,"19. Кўкаламзорлаштириш, манзарали дарахтлар ва гулхоналарни сақлаш учун вақт меъёрлари",20,150,norm,,19-22-7,19-22-7,Қоп матоси,,10 м2,9
19,"19. Кўкаламзорлаштириш, манзарали дарахтлар ва гулхоналарни сақлаш учун вақт меъёрлари",20,151,norm,,19-22-7,19-22-7,Қаноптола,,т,"0,0009"
19,"19. Кўкаламзорлаштириш, манзарали дарахтлар ва гулхоналарни сақлаш учун вақт меъёрлари",20,152,norm,,19-22-7,19-22-7,Ўсимлик ерлари,,м3,"18,8"
20,20. Автомобиль йўлларининг қишки қарови учун вақт меъёрлари,21,2,norm,,20-1-1,20-1-1,Автогрейдер билан йўл қатнов қисмини қордан тозалаш (1 проход),К20-1,1 km,0.14
20,20. Автомобиль йўлларининг қишки қарови учун вақт меъёрлари,21,3,norm,,20-2,20-2,Механизмларга отвал урнатиб қордан тозалаш:,К20-2,,
20,20. Автомобиль йўлларининг қишки қарови учун вақт меъёрлари,21,4,norm,,20-2-1,20-2-1,К-700,,1 km,"0,34"
20,20. Автомобиль йўлларининг қишки қарови учун вақт меъёрлари,21,5,norm,,20-2-2,20-2-2,ТТЗ-80,,1 km,"0,3"
20,20. Автомобиль йўлларининг қишки қарови учун вақт меъёрлари,21,6,norm,,20-2-3,20-2-3,МТЗ-80,,1 km,"0,3"
20,20. Автомобиль йўлларининг қишки қарови учун вақт меъёрлари,21,7,norm,,20-2-4,20-2-4,Т28х4,,1 km,"0,3"
20,20. Автомобиль йўлларининг қишки қарови учун вақт меъёрлари,21,8,variant_or_continuation,,,20-2-4,КДМ қор тозалаш машинаси,,1 km,"0,8-1,2"
20,20. Автомобиль йўлларининг қишки қарови учун вақт меъёрлари,21,9,norm,,20-2-5,20-2-5,Чўмич ҳажми 0.25 m3 эксковаторда қор юклаш,К20-8,1 m3,0.06
20,20. Автомобиль йўлларининг қишки қарови учун вақт меъёрлари,21,10,norm,,20-2-6,20-2-6,Транспорт воситаси билан юкланган қорни ташиб чиқариш,К19-12,1 t,"0,52"
20,20. Автомобиль йўлларининг қишки қарови учун вақт меъёрлари,21,11,norm,,20-3-1,20-3-1,"Яхмалакка қарши йўл қопламасига йўл ёқасига тайёрлаб қўйилган ва трактор тележкасидан қўлда қум сепиш (90% қум, 10% техник туз)",К13-1,1 m3,0.58
20,20. Автомобиль йўлларининг қишки қарови учун вақт меъёрлари,21,12,variant_or_continuation,,,20-3-1,"Қор тозалаш ва қум сепишга ихтисослашган машиналар ёрдамида яхмалакка қарши йўл қопламасига қум сепиш (90% қум, 10% техник туз)",К13-1,1 m3,"0,6-0,8"
20,20. Автомобиль йўлларининг қишки қарови учун вақт меъёрлари,21,13,norm,,20-4-1 20-4-2,20-4-1 20-4-2,"Йўлни, пиёдалар йўлакча- ларини, ҳудудларни қўл кучи билан қор ва муздан тозалаш: юмшоқ қаттиқ",К20-3,100 m2,1.96
20,20. Автомобиль йўлларининг қишки қарови учун вақт меъёрлари,21,14,norm,,20-4-1 20-4-2,20-4-1 20-4-2,"Йўлни, пиёдалар йўлакча- ларини, ҳудудларни қўл кучи билан қор ва муздан тозалаш: юмшоқ қаттиқ",К20-3,100 m2,3.92
20,20. Автомобиль йўлларининг қишки қарови учун вақт меъёрлари,21,15,norm,,20-5-1,20-5-1,Кичик кўприк ва қувурларни қор ва муздан тозалаш,К20-4,1 pm,0.276
20,20. Автомобиль йўлларининг қишки қарови учун вақт меъёрлари,21,16,norm,,20-6-1,20-6-1,Шнекли қор тозалагич ёрдамида 1m қалинликдаги қор уюмини қатнов қисмидан чиқариб ташлаш,К20-6,1 km,"0,62"
20,20. Автомобиль йўлларининг қишки қарови учун вақт меъёрлари,21,17,norm,,К20-7-1,К20-7-1,Кучли қор ёқганда МТХ ва ишчилардан кеча-кундуз навбатчилик ташкил килиб (иссиқ овқат ташкил қилаб),К20-7,1 киши,8 h
20,20. Автомобиль йўлларининг қишки қарови учун вақт меъёрлари,21,18,norm,,К20-8-1,К20-8-1,"Музламага қарши қум, техник туз юклаш",К20-8,1 m3,0.06
20,20. Автомобиль йўлларининг қишки қарови учун вақт меъёрлари,21,19,norm,,К20-9-1,К20-9-1,Транспорт воситаси билан ташиб келтириш йўлнинг хавфли жойларига,К19-12,1 t,"0,52"
20,20. Автомобиль йўлларининг қишки қарови учун вақт меъёрлари,21,20,norm,,20-10-1,20-10-1,Йўл ва йўл иншоотларида қишки қаров учун мўлжаллаб олдиндан чиқариб қўйилган ҳар-хил аралашмаларни тўплаб конус ҳолига келтириш,К20-5,1m3,0.2
20,20. Автомобиль йўлларининг қишки қарови учун вақт меъёрлари,21,21,variant_or_continuation,,,20-10-1,Темирдан ясалган туз-кум аралашмаси сақлаш идишларини материал билан тўлдириш,,1m3,"0,4-0,6"
20,20. Автомобиль йўлларининг қишки қарови учун вақт меъёрлари,21,22,variant_or_continuation,,,20-10-1,Бўлим базасида кум ва тузни механизм ёрдамида аралашма холатига келтириш,,1m3,"0,5-0,7"
21,21. Сақлаш ишларига оид техник ишлар учун вақт меъёрлари,22,2,norm,,21-1-1,21-1-1,Ҳаракат жадаллигини белгиланган жойда кузатиш ва ўлчаш ишлари (ҳар бир йўлнинг белгиланган жойида ҳар ойда),К21-1,1 h,8
21,21. Сақлаш ишларига оид техник ишлар учун вақт меъёрлари,22,3,norm,,21-2-1,21-2-1,"Техник диагностика ўтказиш, сақлашни баҳолаш, йўл ва йўл иншоотларининг техник ҳисобини ва хатловини амалга ошириш",К21-2,1 km,4
22,22. Сақлаш ишларида юклаш ва тушириш ишлари вақт меъёрлари,23,2,norm,,22-1,22-1,Экскаваторлар билан автотранспортга қум юклаш,К22-1,100 m3,
22,22. Сақлаш ишларида юклаш ва тушириш ишлари вақт меъёрлари,23,3,norm,,22-1-1,22-1-1,"Чўмич ҳажми 0,25 m3",К22-1а,100 m3,"5,75 (5,75)"
22,22. Сақлаш ишларида юклаш ва тушириш ишлари вақт меъёрлари,23,4,norm,,22-1-2,22-1-2,"Чўмич ҳажми 0,4 m3",К22-1б,100 m3,"3,63 (3,63)"
22,22. Сақлаш ишларида юклаш ва тушириш ишлари вақт меъёрлари,23,5,norm,,22-1-3,22-1-3,"Чўмич ҳажми 0,5 m3",К22-1в,100 m3,"2,73 (2,73)"
22,22. Сақлаш ишларида юклаш ва тушириш ишлари вақт меъёрлари,23,6,norm,,22-1-4,22-1-4,"Чўмич ҳажми 0,65 m3",К22-1г,100 m3,"2,05 (2,05)"
22,22. Сақлаш ишларида юклаш ва тушириш ишлари вақт меъёрлари,23,7,norm,,22-2,22-2,Экскаваторлар билан автотранс-портга тупроқ юклаш II - гуруҳ тупроқда,К22-2,,
22,22. Сақлаш ишларида юклаш ва тушириш ишлари вақт меъёрлари,23,8,norm,,22-2-1,22-2-1,"Чўмич ҳажми 0,25 m3",К22-2а,100 m3,"7,30 (7,30)"
22,22. Сақлаш ишларида юклаш ва тушириш ишлари вақт меъёрлари,23,9,norm,,22-2-2,22-2-2,"Чўмич ҳажми 0,4 m3",К22-2б,100 m3,"4,59 (4,59)"
22,22. Сақлаш ишларида юклаш ва тушириш ишлари вақт меъёрлари,23,10,norm,,22-2-3,22-2-3,"Чўмич ҳажми 0,5 m3",К22-2в,100 m3,"3,33 (3,33)"
22,22. Сақлаш ишларида юклаш ва тушириш ишлари вақт меъёрлари,23,11,norm,,22-2-4,22-2-4,"Чўмич ҳажми 0,65 m3",К22-2г,100 m3,"2,53 (2,53)"
22,22. Сақлаш ишларида юклаш ва тушириш ишлари вақт меъёрлари,23,12,norm,,22-2-5,22-2-5,"Чўмич ҳажми 2,5 m3",К22-2д,100 m3,"1,96 (0,98)"
22,22. Сақлаш ишларида юклаш ва тушириш ишлари вақт меъёрлари,23,13,norm,,22-3,22-3,II - гуруҳ тупроқда экскаваторда ариқ ковлаш,К22-3,,
22,22. Сақлаш ишларида юклаш ва тушириш ишлари вақт меъёрлари,23,14,norm,,22-3-1,22-3-1,"Чўмич ҳажми 0,25 m3",К22-3а,100 m3,"5,88 (5,88)"
22,22. Сақлаш ишларида юклаш ва тушириш ишлари вақт меъёрлари,23,15,norm,,22-3-2,22-3-2,"Чўмич ҳажми 0,4 m3",К22-3б,100 m3,"3,72 (3,72)"
22,22. Сақлаш ишларида юклаш ва тушириш ишлари вақт меъёрлари,23,16,norm,,22-3-3,22-3-3,"Чўмич ҳажми 0,5 m3",К22-3в,100 m3,"2,95 (2,95)"
22,22. Сақлаш ишларида юклаш ва тушириш ишлари вақт меъёрлари,23,17,norm,,22-3-4,22-3-4,"Чўмич ҳажми 0,65 m3",К22-3г,100 m3,"2,28 (2,28)"
22,22. Сақлаш ишларида юклаш ва тушириш ишлари вақт меъёрлари,23,18,norm,,22-4,22-4,Автокран билан материаллар (юклар) ни юклаш ва тушириш,,,
22,22. Сақлаш ишларида юклаш ва тушириш ишлари вақт меъёрлари,23,19,norm,,22-4-1,22-4-1,1) Юклаш,К22-4.1,,
22,22. Сақлаш ишларида юклаш ва тушириш ишлари вақт меъёрлари,23,20,norm,,22-4-1а,22-4-1а,"Кранни юк кўтариши 6,3t",К22-4.1а,10 t,"1,1/2,2"
22,22. Сақлаш ишларида юклаш ва тушириш ишлари вақт меъёрлари,23,21,norm,,22-4-1б,22-4-1б,10 t,К22-4.1б,10 t,"0,7/1,4"
22,22. Сақлаш ишларида юклаш ва тушириш ишлари вақт меъёрлари,23,22,norm,,22-4-1в,22-4-1в,16 t,К22-4.1в,10 t,"0,6/1,2"
22,22. Сақлаш ишларида юклаш ва тушириш ишлари вақт меъёрлари,23,23,norm,,22-4-1г,22-4-1г,25 t,К22-4.1г,10 t,"0,5/1,0"
22,22. Сақлаш ишларида юклаш ва тушириш ишлари вақт меъёрлари,23,24,norm,,22-4-2,22-4-2,2) Тушириш,,,
22,22. Сақлаш ишларида юклаш ва тушириш ишлари вақт меъёрлари,23,25,norm,,22-4-2а,22-4-2а,"Кранни юк кўтариши 6,3t",К22-4.2а,10 t,"0,9/1,8"
22,22. Сақлаш ишларида юклаш ва тушириш ишлари вақт меъёрлари,23,26,norm,,22-4-2б,22-4-2б,10 t,К22-4.2б,10 t,"0,6/1,2"
22,22. Сақлаш ишларида юклаш ва тушириш ишлари вақт меъёрлари,23,27,norm,,22-4-2в,22-4-2в,16 t,К22-4.2в,10 t,"0,5/1,0"
22,22. Сақлаш ишларида юклаш ва тушириш ишлари вақт меъёрлари,23,28,norm,,22-4-2г,22-4-2г,25 t,К22-4.2г,10 t,"0,4/0,8"
22,22. Сақлаш ишларида юклаш ва тушириш ишлари вақт меъёрлари,23,29,norm,,22-5,22-5,Қўл кучи билан транспортларга юкларни юклаш ва тушириш,К22-5,,
22,22. Сақлаш ишларида юклаш ва тушириш ишлари вақт меъёрлари,23,30,norm,,22-5-1,22-5-1,1) 1 гуруҳ юкларни,"К22-5,1",,
22,22. Сақлаш ишларида юклаш ва тушириш ишлари вақт меъёрлари,23,31,norm,,22-5-1а,22-5-1а,а) ортиш:тахлаган ҳолда,,10 t,4
22,22. Сақлаш ишларида юклаш ва тушириш ишлари вақт меъёрлари,23,32,norm,,22-5-1б,22-5-1б,тахланмаган ҳолда,,10 t,"3,3"
22,22. Сақлаш ишларида юклаш ва тушириш ишлари вақт меъёрлари,23,33,norm,,22-5-1г,22-5-1г,бункердан олиш билан,,,
22,22. Сақлаш ишларида юклаш ва тушириш ишлари вақт меъёрлари,23,34,norm,,22-5-2а,22-5-2а,б) тушириш: тахлаган ҳолда,,10 t,"4,3"
22,22. Сақлаш ишларида юклаш ва тушириш ишлари вақт меъёрлари,23,35,norm,,22-5-2б,22-5-2б,тахланмаган ҳолда,,10 t,2
22,22. Сақлаш ишларида юклаш ва тушириш ишлари вақт меъёрлари,23,36,norm,,22-5-2г,22-5-2г,ерга тушириш,,10 t,"3,3"
22,22. Сақлаш ишларида юклаш ва тушириш ишлари вақт меъёрлари,23,37,norm,,22-5-1,22-5-1,2) 2 гуруҳ юкларни,,,
22,22. Сақлаш ишларида юклаш ва тушириш ишлари вақт меъёрлари,23,38,norm,,22-5-1а,22-5-1а,а) ортиш:тахлаган ҳолда,"К22-5,2",10 t,"6,4"
22,22. Сақлаш ишларида юклаш ва тушириш ишлари вақт меъёрлари,23,39,norm,,22-5-1б,22-5-1б,тахланмаган ҳолда,,10 t,"4,6"
22,22. Сақлаш ишларида юклаш ва тушириш ишлари вақт меъёрлари,23,40,norm,,22-5-1г,22-5-1г,б) тушириш: тахлаган ҳолда,,10 t,"6,6"
22,22. Сақлаш ишларида юклаш ва тушириш ишлари вақт меъёрлари,23,41,norm,,22-5-2а,22-5-2а,тахланмаган ҳолда,,10 t,"3,1"
22,22. Сақлаш ишларида юклаш ва тушириш ишлари вақт меъёрлари,23,42,norm,,22-5-2б,22-5-2б,ерга тушириш,,10 t,"5,1"
22,22. Сақлаш ишларида юклаш ва тушириш ишлари вақт меъёрлари,23,43,norm,,22-5-2г,22-5-2г,3) 3 гуруҳ юкларни,"К22-5,3",,
22,22. Сақлаш ишларида юклаш ва тушириш ишлари вақт меъёрлари,23,44,norm,,22-5-1,22-5-1,а) ортиш:тахлаган ҳолда,,10 t,"5,3"
22,22. Сақлаш ишларида юклаш ва тушириш ишлари вақт меъёрлари,23,45,norm,,22-5-1а,22-5-1а,тахланмаган ҳолда,,10 t,"4,1"
22,22. Сақлаш ишларида юклаш ва тушириш ишлари вақт меъёрлари,23,46,norm,,22-5-1б,22-5-1б,бункердан олиш билан,,10 t,"0,34"
22,22. Сақлаш ишларида юклаш ва тушириш ишлари вақт меъёрлари,23,47,norm,,22-5-1г,22-5-1г,б) тушириш: тахлаган ҳолда,,10 t,"5,7"
22,22. Сақлаш ишларида юклаш ва тушириш ишлари вақт меъёрлари,23,48,norm,,22-5-2а,22-5-2а,тахланмаган ҳолда,,10 t,"2,4"
22,22. Сақлаш ишларида юклаш ва тушириш ишлари вақт меъёрлари,23,49,norm,,22-5-2б,22-5-2б,ерга тушириш,,10 t,"4,4"
22,22. Сақлаш ишларида юклаш ва тушириш ишлари вақт меъёрлари,23,50,norm,,22-5-2г,22-5-2г,4) 4 гуруҳ юкларни,"К22-5,4",,
22,22. Сақлаш ишларида юклаш ва тушириш ишлари вақт меъёрлари,23,51,norm,,22-5-1,22-5-1,а) ортиш:тахлаган ҳолда,,10 t,-
22,22. Сақлаш ишларида юклаш ва тушириш ишлари вақт меъёрлари,23,52,norm,,22-5-1а,22-5-1а,тахланмаган ҳолда,,10 t,"4,3"
22,22. Сақлаш ишларида юклаш ва тушириш ишлари вақт меъёрлари,23,53,norm,,22-5-1б,22-5-1б,б) тушириш: тахлаган ҳолда,,10 t,-
22,22. Сақлаш ишларида юклаш ва тушириш ишлари вақт меъёрлари,23,54,norm,,22-5-1г,22-5-1г,тахланмаган ҳолда (бросом),,10 t,"4,3"
22,22. Сақлаш ишларида юклаш ва тушириш ишлари вақт меъёрлари,23,55,norm,,22-5-2а,22-5-2а,5) 5 гуруҳ юкларни,"К22-5,5",,
22,22. Сақлаш ишларида юклаш ва тушириш ишлари вақт меъёрлари,23,56,norm,,22-5-2б,22-5-2б,а) ортиш:тахлаган ҳолда,,10 t,-
22,22. Сақлаш ишларида юклаш ва тушириш ишлари вақт меъёрлари,23,57,norm,,22-5-2г,22-5-2г,тахланмаган ҳолда (бросом),,10 t,"6,4"
22,22. Сақлаш ишларида юклаш ва тушириш ишлари вақт меъёрлари,23,58,variant_or_continuation,,,22-5-2г,б) тушириш: тахлаган ҳолда,,10 t,"4,6"
22,22. Сақлаш ишларида юклаш ва тушириш ишлари вақт меъёрлари,23,59,variant_or_continuation,,,22-5-2г,тахланмаган ҳолда (бросом),,10 t,"6,6"
22,22. Сақлаш ишларида юклаш ва тушириш ишлари вақт меъёрлари,23,60,variant_or_continuation,,,22-5-2г,ерга тушириш,,10 t,"3,1"
23,23. Сув қудуқларини сақлаш учун вақт меъёрлари,24,2,norm,,23-1-1,23-1-1,Сув қудуқларини тозалаш,К23-1,1 қудуқ,"1,3"
23,23. Сув қудуқларини сақлаш учун вақт меъёрлари,24,3,norm,,23-2-1,23-2-1,Бетон сув қудуқларини таъмирлаш,К23-2,1 m2,"2,6"
23,23. Сув қудуқларини сақлаш учун вақт меъёрлари,24,4,norm,,23-3-1,23-3-1,Сув қудуқларини баландлигини таъминлаш ғишт териш билан: 1 қатор,К23-3,100 рsc,6.2
23,23. Сув қудуқларини сақлаш учун вақт меъёрлари,24,5,norm,,23-4-1,23-4-1,Сув қудуқларини баландлигини таъминлаш ғишт териш билан: 2 қатор,К23-3,100 рsc,"3,6"
23,23. Сув қудуқларини сақлаш учун вақт меъёрлари,24,6,norm,,23-5-1,23-5-1,Сув ўтказувчи қурилмаларни таъмирлашда бузилган решёткаларни алмаштириш,К23-4,1 psc,"0,7"
23,23. Сув қудуқларини сақлаш учун вақт меъёрлари,24,7,norm,,23-6-1,23-6-1,Сув насосларини сақлаш (бир мартаба қаров ишлари),,1 psc,4
24,24. Канализация сув қувурларини сақлаш учун вақт меъёрлари,25,2,norm,,24-1-1,24-1-1,"Санитар-техник ишлар. Чўян канализация қувурларини бузиш, диаметри: 50 mm гача",К24-1,1 m,"0,51"
24,24. Канализация сув қувурларини сақлаш учун вақт меъёрлари,25,3,variant_or_continuation,,,24-1-1,100 mm гача,,,"0,72"
24,24. Канализация сув қувурларини сақлаш учун вақт меъёрлари,25,4,variant_or_continuation,,,24-1-1,125 mm гача,,,"0,85"
24,24. Канализация сув қувурларини сақлаш учун вақт меъёрлари,25,5,variant_or_continuation,,,24-1-1,150 mm гача,,,"1,0"
24,24. Канализация сув қувурларини сақлаш учун вақт меъёрлари,25,6,norm,,24-2-1,24-2-1,"Санитар-техник ишлар. Сопол канализация қувурларини бузиш, диаметри: 150 mm гача",К24-2,1 m2,"0,43"
24,24. Канализация сув қувурларини сақлаш учун вақт меъёрлари,25,7,variant_or_continuation,,,24-2-1,200 mm гача,,,"0,49"
24,24. Канализация сув қувурларини сақлаш учун вақт меъёрлари,25,8,norm,,24-3-1,24-3-1,Сув қудуқларини баландлигини таъминлаш ғишт териш билан: 1 қатор,К23-3,100 рsc,6.2
25,25. Марказий иситиш қувурларини сақлаш учун вақт меъёрлари,26,2,norm,,25-1-1,25-1-1,"Санитар-техник ишлар. Марказий иситиш қувурларини тўлиқ бузиш (резбали уланган), қувур диаметри: 32 mm гача",К25-1,1 m,"0,4"
25,25. Марказий иситиш қувурларини сақлаш учун вақт меъёрлари,26,3,norm,,25-1-1,25-1-1,50 mm гача,,1 m,"0,58"
25,25. Марказий иситиш қувурларини сақлаш учун вақт меъёрлари,26,4,norm,,25-1-1,25-1-1,76 mm гача,,1 m,"0,74"
25,25. Марказий иситиш қувурларини сақлаш учун вақт меъёрлари,26,5,norm,,25-2-1,25-2-1,"Санитар-техник ишлар. Марказий иситиш қувурларини тўлиқ бузиш (пайвандланган қувур), қувур диаметри: 50 mm гача",К25-2,1 m,"0,44"
25,25. Марказий иситиш қувурларини сақлаш учун вақт меъёрлари,26,6,norm,,25-2-1а,25-2-1а,100 mm гача,,1 m,"0,65"
25,25. Марказий иситиш қувурларини сақлаш учун вақт меъёрлари,26,7,norm,,25-2-1б,25-2-1б,150 mm гача,,1 m,"1,2"
25,25. Марказий иситиш қувурларини сақлаш учун вақт меъёрлари,26,8,norm,,25-3-1,25-3-1,"Санитар-техник ишлар. Аввал ишлатилган марказий иситиш қувурларини йиғиш (резьбада уланган), қувур диаметри 32 mm гача",К25-3,1 m,"1,3"
25,25. Марказий иситиш қувурларини сақлаш учун вақт меъёрлари,26,9,norm,,25-3-1а,25-3-1а,50 mm гача,,1 m,"2,0"
25,25. Марказий иситиш қувурларини сақлаш учун вақт меъёрлари,26,10,norm,,25-3-1б,25-3-1б,76 mm гача,,1 m,"2,4"
25,25. Марказий иситиш қувурларини сақлаш учун вақт меъёрлари,26,11,norm,,25-4-1,25-4-1,"Санитар-техник ишлар. Аввал ишлатил-ган марказий иситиш қувурларини йиғиш (пайвандлаб уланган), қувур диаметри 50 mm гача",К25-4,1 m,"0,44"
25,25. Марказий иситиш қувурларини сақлаш учун вақт меъёрлари,26,12,norm,,25-4-1а,25-4-1а,100 mm гача,К25-4а,1 m,"0,65"
25,25. Марказий иситиш қувурларини сақлаш учун вақт меъёрлари,26,13,norm,,25-4-1б,25-4-1б,150 mm гача,К25-4б,1 m,"1,2"
26,26. Сув таъминоти қувурларини сақлаш учун вақт меъёрлари,27,2,norm,,26-1-1,26-1-1,Санитар-техник ишлар сув таъминотининг темир газ қувурларини тўлиқ бузиш диаметри: 32 mm гача,К26-1,1 m,"0,27"
26,26. Сув таъминоти қувурларини сақлаш учун вақт меъёрлари,27,3,norm,,26-1-1а,26-1-1а,63 mm гача,К26-1а,1 m,"0,44"
26,26. Сув таъминоти қувурларини сақлаш учун вақт меъёрлари,27,4,norm,,26-1-1б,26-1-1б,76 mm гача,К26-1б,1 m,"0,22"
26,26. Сув таъминоти қувурларини сақлаш учун вақт меъёрлари,27,5,norm,,26-2-1,26-2-1,"Санитар-техник ишлар. Аввал ишлатилган сув таъминоти қувурларини йиғиш, диаметри: 20 mm гача",К26-2,1 m,"1,0"
26,26. Сув таъминоти қувурларини сақлаш учун вақт меъёрлари,27,6,norm,,26-2-1а,26-2-1а,32 mm гача,К26-2а,1 m,"1,2"
26,26. Сув таъминоти қувурларини сақлаш учун вақт меъёрлари,27,7,norm,,26-2-1б,26-2-1б,63 mm гача,К26-2б,1 m,"1,6"
26,26. Сув таъминоти қувурларини сақлаш учун вақт меъёрлари,27,8,norm,,26-2-1в,26-2-1в,76 mm гача,К26-2в,,"1,8"
26,26. Сув таъминоти қувурларини сақлаш учун вақт меъёрлари,27,9,norm,,26-3-1,26-3-1,"Санитар-техник ишлар. Кўча чўян сув қувурларини бузиш, диаметри: 50 mm гача",К26-3,1 m,"0,47"
26,26. Сув таъминоти қувурларини сақлаш учун вақт меъёрлари,27,10,norm,,26-3-1а,26-3-1а,75 mm гача,К26-3а,1 m,"0,51"
26,26. Сув таъминоти қувурларини сақлаш учун вақт меъёрлари,27,11,norm,,26-3-1б,26-3-1б,100 mm гача,К26-3б,1 m,"0,57"
26,26. Сув таъминоти қувурларини сақлаш учун вақт меъёрлари,27,12,norm,,26-3-1в,26-3-1в,125 mm гача,К26-3в,1 m,"0,66"
26,26. Сув таъминоти қувурларини сақлаш учун вақт меъёрлари,27,13,norm,,26-3-1г,26-3-1г,150 mm гача,К26-3г,1 m,"0,79"
27,27. Тонел иншоотини сақлаш учун вақт меъёрлари,28,2,norm,,27-1-1,27-1-1,Кабель канали метал қалпоқларини устки қисмларини тозалаш ва ўрнидан олиш,,100 pcs,"171,4"
27,27. Тонел иншоотини сақлаш учун вақт меъёрлари,28,3,norm,,27-1-2,27-1-2,Кабель каналини ички юзасида мавжуд бўлган чиқиндилардан тозалаш ва назорати,,100 m3,"254,1"
27,27. Тонел иншоотини сақлаш учун вақт меъёрлари,28,4,norm,,27-1-3,27-1-3,Кабель канали метал қалпоқларини жойига ўрнатиш,,100 pcs,170
27,27. Тонел иншоотини сақлаш учун вақт меъёрлари,28,5,norm,,27-1-4,27-1-4,Дренаж ариқлари метал қапқоғини ўрнидан олиш,,pcs,"1,52"
27,27. Тонел иншоотини сақлаш учун вақт меъёрлари,28,6,norm,,27-1-5,27-1-5,Дренаж каналларини лой ва мусордан тозалаш (бир йилда тўрт марта) ва юклаш,,100 m3,"5,95"
27,27. Тонел иншоотини сақлаш учун вақт меъёрлари,28,7,norm,,27-1-6,27-1-6,Дренаж ариқлари метал қапқоғини ўрнига ўрнатиш,,pcs,"1,57"
27,27. Тонел иншоотини сақлаш учун вақт меъёрлари,28,8,norm,,27-1-7,27-1-7,"Тонелни ички қисмида жолобларни қўл кучи билан тозалаш учун 200 m масофадан эритма ташиб келиш в=0,5 m, h=7,5 метргача автогидроподёмник ёрдамида",,10 m,"1,36"
27,27. Тонел иншоотини сақлаш учун вақт меъёрлари,28,9,norm,,27-1-8,27-1-8,Тонелни ички қисмида жолобларни қурик латта билан қайта қўл кучи билан артиб чиқиш,,0 m,"1,0"
27,27. Тонел иншоотини сақлаш учун вақт меъёрлари,28,10,norm,,7-1-9,7-1-9,"Тонелни ички қисмида темир потолокларни қўл кучи билан тозалаш, йилига турт марта, h=6 m автогидроподёмник ёрдамида",,100 m2,"27,0"
27,27. Тонел иншоотини сақлаш учун вақт меъёрлари,28,11,heading,2. Шамоллатиш тизими,,7-1-9,2. Шамоллатиш тизими,,,
27,27. Тонел иншоотини сақлаш учун вақт меъёрлари,28,12,norm,2. Шамоллатиш тизими,27-2,27-2,Вентилятор ВС-10-400-800 умумий сони 103 дона,,,
27,27. Тонел иншоотини сақлаш учун вақт меъёрлари,28,13,heading,Вентилятор Ц4-76-№20 умумий сони 8 дона,,27-2,Вентилятор Ц4-76-№20 умумий сони 8 дона,,,
27,27. Тонел иншоотини сақлаш учун вақт меъёрлари,28,14,heading,Вентилятор ВМЭ-12А 6 pcs,,27-2,Вентилятор ВМЭ-12А 6 pcs,,,
27,27. Тонел иншоотини сақлаш учун вақт меъёрлари,28,15,heading,Умумий вентиляторлар сони 117 дона,,27-2,Умумий вентиляторлар сони 117 дона,,,
27,27. Тонел иншоотини сақлаш учун вақт меъёрлари,28,16,norm,Умумий вентиляторлар сони 117 дона,27-2-1,27-2-1,Шамоллатиш тизими жиҳозларини эксплуатация қилиш ва қарови 8 киши х 2036=16288 одам/соат,,Мавсум давомида,16288
27,27. Тонел иншоотини сақлаш учун вақт меъёрлари,28,17,norm,Умумий вентиляторлар сони 117 дона,27-2-2,27-2-2,Вентиляторларни чанг ва қурмлардан тозалаш. Баландлиги 6 m (интервал 48 соат) автогидроподёмник ёрдамида,,10 дона,"2,5"
27,27. Тонел иншоотини сақлаш учун вақт меъёрлари,28,18,norm,Умумий вентиляторлар сони 117 дона,27-2-3,27-2-3,"Ҳар 24 соат мобайнида техник ҳолатини кўздан кечириш, носоз- ликларни аниқлаш, вентиляторлар майдончасини механик бикирлигини кўздан кечириш. Махсус дафтарга ёзиш, баландлиги 6 m автогидроподёмник ёрдамида",,9 дона,"1,5"
27,27. Тонел иншоотини сақлаш учун вақт меъёрлари,28,19,norm,Умумий вентиляторлар сони 117 дона,27-2-4,27-2-4,"Гуруҳлаб (4-5 донадан) вентилятор- лар ўрнатилган майдонда уларни алоҳида ишлатиб кўриш, бландлиги 6 m гача гидроподёмник ёрдамида, 1 ойда 4 марта",,группа,2 h
27,27. Тонел иншоотини сақлаш учун вақт меъёрлари,28,20,norm,Умумий вентиляторлар сони 117 дона,27-2-5,27-2-5,"Электр кабеллари, симлари, автомат қўшувчи (включатель) магинито- пускателларни, туташмаларни ва шитларни бикирлиги ва техник соз ҳолда бўлишини назорати. Баландлик 6 метргача.",,1 комплект (4-5 донадан),"0,5"
27,27. Тонел иншоотини сақлаш учун вақт меъёрлари,28,21,norm,Умумий вентиляторлар сони 117 дона,27-2-6,27-2-6,"Ҳавони йўналишини ўзгартирувчи аппарат МЭО-40/63-0,25-82 воситасида қаршиликсиз ишлашини текшириб кўриш техник ҳолатини махсус дафтарга қайд қилиш",,10 комплект,"3,5"
27,27. Тонел иншоотини сақлаш учун вақт меъёрлари,28,22,norm,Умумий вентиляторлар сони 117 дона,27-2-7,27-2-7,"Эвакуация тамбур-шлюзларига ўрнатилган вентиляторларни оловини ушловчи клапанларини (3дона) соз бўлишини назорат қилиш, енгил ҳаракатланишини таъминлаш (тозалаш-мойлаш) ҳар 7 кунда",,1 комплект,
27,27. Тонел иншоотини сақлаш учун вақт меъёрлари,28,23,norm,Умумий вентиляторлар сони 117 дона,27-2-8,27-2-8,Вентиляторлар заслонкаси NE 01.1- 01-3 ва клапанларни NE 01.1-01-3 ни техник ҳолатини ва герметикли- гини соз бўлишини таъминлаш учун назорат ва итшлатиб кўриш умумий бир ойда бир марта,,1 комплект,2
27,27. Тонел иншоотини сақлаш учун вақт меъёрлари,28,24,norm,Умумий вентиляторлар сони 117 дона,27-2-9,27-2-9,Ҳаво олиш ва чиқишларни шахталари эшикларини герметик ёпилишини таъминлаш,,6 дона,1 h
27,27. Тонел иншоотини сақлаш учун вақт меъёрлари,28,25,norm,Умумий вентиляторлар сони 117 дона,27-2-10,27-2-10,Шовқинларни пасайтирувчи ва оловни сўндирувчи узелларни соз бўлишини таъминлаш учун техник қаров ишларини бажариш,,1 комплект,"1,57"
27,27. Тонел иншоотини сақлаш учун вақт меъёрлари,28,26,heading,3. Электр тизими,,27-2-10,3. Электр тизими,,,
27,27. Тонел иншоотини сақлаш учун вақт меъёрлари,28,27,norm,3. Электр тизими,27-3-1,27-3-1,"Электр тизими эксплуатация ва профилактика қарови ҳамда назорати, 10 киши х2036=20360",,Мавсум давомида,20360
27,27. Тонел иншоотини сақлаш учун вақт меъёрлари,28,28,norm,3. Электр тизими,27-3-2,27-3-2,"РБУ -02-125,ЖКО-04/250 русумли ёритгичларни ҳар кун давомида кўздан кечириб назорат қилиш бландлиги, 5 m автогидроподёмник ёрдамида",,1816 дона,6
27,27. Тонел иншоотини сақлаш учун вақт меъёрлари,28,29,norm,3. Электр тизими,27-3-3,27-3-3,Ёритгичларни чанг ёки ифлосликдан ой давомида бир маротаба тозалаш. Бландлиги 5-6 m автогидроподёмник ёрдамида,,10 дона,4
27,27. Тонел иншоотини сақлаш учун вақт меъёрлари,28,30,norm,3. Электр тизими,27-3-4,27-3-4,"РБУ -02-400, русумли ёритгичларни ҳар кун давомида кўздан кечириб назорат қилиш бландлиги 9 m гача автогидроподёмник ёрдамида",,62 дона,"0,3"
27,27. Тонел иншоотини сақлаш учун вақт меъёрлари,28,31,norm,3. Электр тизими,27-3-5,27-3-5,Ёритгичларни чанг ёки ифлосликдан ой давомида бир маротаба тозалаш. Бландлиги 9 m гача автогидроподёмник ёрдамида,,10 дона,6
27,27. Тонел иншоотини сақлаш учун вақт меъёрлари,28,32,norm,3. Электр тизими,27-3-6,27-3-6,"Электр кабеллари ўтказилган метал трубаларни, уланиш қутиларини ва кабелларини техник ҳолати назорати, 1 йилда 4 марта",,10 дона,7
27,27. Тонел иншоотини сақлаш учун вақт меъёрлари,28,33,norm,3. Электр тизими,27-3-7,27-3-7,"1000 волтгача бўлган ЯРВ яшиклари ва тақсимловчи шитлар техник қарови ва назорати, 1 ойда 4 марта",,10 дона,"2,5"
27,27. Тонел иншоотини сақлаш учун вақт меъёрлари,28,34,norm,3. Электр тизими,27-3-8,27-3-8,"1000 волтгача бўлган ЯРВ яшиклари ва тақсимловчи шитларни ҳар-хил чиқинди ва тутун қурумлари, тузли чанглардан тозалаш 1 йилда 4 марта",,1 дона,2 h
27,27. Тонел иншоотини сақлаш учун вақт меъёрлари,28,35,norm,3. Электр тизими,27-3-9,27-3-9,ГКТП ва КТП ларни техник қарови ва назорати 1 ойда 4 марта,,10,"2,5"
27,27. Тонел иншоотини сақлаш учун вақт меъёрлари,28,36,norm,3. Электр тизими,27-3-10,27-3-10,"ГКТП ва КТП ларни ҳар-хил чиқинди ва тутун қурумлари, тузли чанглардан тозалаш, 1 йилда 4 марта",,1дона,5
27,27. Тонел иншоотини сақлаш учун вақт меъёрлари,28,37,norm,3. Электр тизими,27-3-11,27-3-11,1000 волтдан юқори бўлган изоляторлар ва сақлагичларни техник назорати ва қарови,,10 дона,"2,5"
27,27. Тонел иншоотини сақлаш учун вақт меъёрлари,28,38,norm,3. Электр тизими,27-3-12,27-3-12,"1000 волтдан юқори бўлган изолятор ва сақлагичларни ҳар-хил чиқинди ва тутун қурумлари, тузли чанглардан тозалаш 1 йилда 4 марта",,1 дона,3
27,27. Тонел иншоотини сақлаш учун вақт меъёрлари,28,39,norm,3. Электр тизими,27-3-13,27-3-13,1000 волтдан юқори бўлган РНЛД 10 кВ ажратгичларни чангдан тозалаш ва механизмларини мойлаш,,10дона,3
27,27. Тонел иншоотини сақлаш учун вақт меъёрлари,28,40,norm,3. Электр тизими,27-3-14,27-3-14,1000 волтдан юқори бўлган РНЛД 10 кВ ажратгичларни изоляторлар ва сақлагичларни техник назорати ва қарови,,1 дона,5
27,27. Тонел иншоотини сақлаш учун вақт меъёрлари,28,41,norm,3. Электр тизими,27-3-15,27-3-15,"Электр кабеллари каналини назорат қилиш ва тозалаш (1069+400)х4та х0,4х0,6\1410 m3",,100m3,"254,1"
27,27. Тонел иншоотини сақлаш учун вақт меъёрлари,28,42,heading,4. Ёнгин хавфсизлиги тизими,,27-3-15,4. Ёнгин хавфсизлиги тизими,,,
27,27. Тонел иншоотини сақлаш учун вақт меъёрлари,28,43,norm,4. Ёнгин хавфсизлиги тизими,27-4-1,27-4-1,Ёнғинга қарши тизим профилактикаси ва фойдаланиш 8 киши х 2036= 16288,,Мавсум давомида,16288
27,27. Тонел иншоотини сақлаш учун вақт меъёрлари,28,44,norm,4. Ёнгин хавфсизлиги тизими,27-4-2,27-4-2,"Ёнғиндан сақлаш қувири Д-159 mm, ни чанг ва қурумдан тозалаш 1 йилда 4 марта",,100m2,"8,74"
27,27. Тонел иншоотини сақлаш учун вақт меъёрлари,28,45,norm,4. Ёнгин хавфсизлиги тизими,27-3-8,27-3-8,"1000 волтгача бўлган ЯРВ яшиклари ва тақсимловчи шитларни ҳар-хил чиқинди ва тутун қурумлари, тузли чанглардан тозалаш 1 йилда 4 марта",,1 дона,2 h
27,27. Тонел иншоотини сақлаш учун вақт меъёрлари,28,46,norm,4. Ёнгин хавфсизлиги тизими,27-3-9,27-3-9,ГКТП ва КТП ларни техник қарови ва назорати 1 ойда 4 марта,,10,"2,5"
27,27. Тонел иншоотини сақлаш учун вақт меъёрлари,28,47,norm,4. Ёнгин хавфсизлиги тизими,27-3-10,27-3-10,"ГКТП ва КТП ларни ҳар-хил чиқинди ва тутун қурумлари, тузли чанглардан тозалаш, 1 йилда 4 марта",,1дона,5
27,27. Тонел иншоотини сақлаш учун вақт меъёрлари,28,48,norm,4. Ёнгин хавфсизлиги тизими,27-3-11,27-3-11,1000 волтдан юқори бўлган изоляторлар ва сақлагичларни техник назорати ва қарови,,10 дона,"2,5"
27,27. Тонел иншоотини сақлаш учун вақт меъёрлари,28,49,norm,4. Ёнгин хавфсизлиги тизими,27-3-12,27-3-12,"1000 волтдан юқори бўлган изолятор ва сақлагичларни ҳар-хил чиқинди ва тутун қурумлари, тузли чанглардан тозалаш 1 йилда 4 марта",,1 дона,
27,27. Тонел иншоотини сақлаш учун вақт меъёрлари,28,50,norm,4. Ёнгин хавфсизлиги тизими,27-3-13,27-3-13,1000 волтдан юқори бўлган РНЛД 10 кВ ажратгичларни чангдан тозалаш ва механизмларини мойлаш,,10дона,3
27,27. Тонел иншоотини сақлаш учун вақт меъёрлари,28,51,norm,4. Ёнгин хавфсизлиги тизими,27-3-14,27-3-14,1000 волтдан юқори бўлган РНЛД 10 кВ ажратгичларни изоляторлар ва сақлагичларни техник назорати ва қарови,,дона,5
27,27. Тонел иншоотини сақлаш учун вақт меъёрлари,28,52,norm,4. Ёнгин хавфсизлиги тизими,27-3-15,27-3-15,"Электр кабеллари каналини назорат қилиш ва тозалаш (1069+400)х4та х0,4х0,6\1410 m3",,100m3,"254,1"
27,27. Тонел иншоотини сақлаш учун вақт меъёрлари,28,53,heading,5. Иситиш тизими,,27-3-15,5. Иситиш тизими,,,
27,27. Тонел иншоотини сақлаш учун вақт меъёрлари,28,54,norm,5. Иситиш тизими,27-4-1,27-4-1,Иситиш тизими профилактикаси ва фойдаланиш 8 киши х2036= 16288,,Мавсум давомида,16288
27,27. Тонел иншоотини сақлаш учун вақт меъёрлари,28,55,norm,5. Иситиш тизими,27-4-2,27-4-2,"Қувурларни сақлаш Д-159 mm, ни чанг ва қурумдан тозалаш 1 йилда 4 марта",,100m2,"8,74"
27,27. Тонел иншоотини сақлаш учун вақт меъёрлари,28,56,norm,5. Иситиш тизими,27-5-3,27-5-3,"Д=50 mm ва Д=80 mm фланецли задвижкаларни созлигини текшириш тозалаш, мойлаш",,1 дона,"0,32"
27,27. Тонел иншоотини сақлаш учун вақт меъёрлари,28,57,norm,5. Иситиш тизими,27-5-4,27-5-4,Д=100 mm фланецли задвижкаларни техник қарови,,1 дона,"0,32"
27,27. Тонел иншоотини сақлаш учун вақт меъёрлари,28,58,norm,5. Иситиш тизими,27-5-5,27-5-5,Д=150 mm фланецли задвижкаларни техник қарови,,1 дона,"0,48"
27,27. Тонел иншоотини сақлаш учун вақт меъёрлари,28,59,norm,5. Иситиш тизими,27-5-6,27-5-6,"Қозонларни техник қаров, тозалаш 4 қозон",,1 дона,"0,62"
27,27. Тонел иншоотини сақлаш учун вақт меъёрлари,28,60,norm,5. Иситиш тизими,27-5-7,27-5-7,"Қозонхона суви меъёрида бўлишини таъминлаш, транспорт ёрдамида 7 km дан сув ташиб келтириш",,10 t,"2,3"
27,27. Тонел иншоотини сақлаш учун вақт меъёрлари,28,61,heading,6. Телевизон кузатув тизими,,27-5-7,6. Телевизон кузатув тизими,,,
27,27. Тонел иншоотини сақлаш учун вақт меъёрлари,28,62,norm,6. Телевизон кузатув тизими,27-6-1,27-6-1,"Телекузатув тизим, телемониторлар ва марказий диспечерлик хизмати, 25 киши х 2036=50900",,Мавсум давомида,50900
27,27. Тонел иншоотини сақлаш учун вақт меъёрлари,28,63,heading,7. Алоқа тизими,,27-6-1,7. Алоқа тизими,,,
27,27. Тонел иншоотини сақлаш учун вақт меъёрлари,28,64,norm,7. Алоқа тизими,27-7-1,27-7-1,"Алоқа тизимини эксплуатацияси, прфилактика қарови ва назорати 5х2036=10180 одам/соат",,Мавсум давомида,10180
27,27. Тонел иншоотини сақлаш учун вақт меъёрлари,28,65,norm,7. Алоқа тизими,27-7-2,27-7-2,"Алоқа тизими ускуналарини назорати, 1ойда 8 марта (7 комплект)",,1комплект,"2,1"
27,27. Тонел иншоотини сақлаш учун вақт меъёрлари,28,66,norm,7. Алоқа тизими,27-7-3,27-7-3,"Алоқа кабеллари назорати 18 km, 1 ойда 15 марта",,1 km,"1,1"
27,27. Тонел иншоотини сақлаш учун вақт меъёрлари,28,67,norm,7. Алоқа тизими,27-7-4,27-7-4,Алоқа тизими ускуналарини профилактик қарови ва назорати 7 комплект ҳар куни,,1 комплект,"2,0"
27,27. Тонел иншоотини сақлаш учун вақт меъёрлари,28,68,norm,7. Алоқа тизими,27-7-5,27-7-5,Алоқа кабелларини муфталарини техник қарови муфталар сони 30 дона,,1 дона,"7,5"
27,27. Тонел иншоотини сақлаш учун вақт меъёрлари,28,69,heading,8. Хўжалик ишлари,,27-7-5,8. Хўжалик ишлари,,,
27,27. Тонел иншоотини сақлаш учун вақт меъёрлари,28,70,norm,8. Хўжалик ишлари,27-8-1,27-8-1,Ишчи хизматчиларга навбатчиликда 4 маҳал иссик овқат таёрлаш (6 киши),,Йил давомида,12252
27,27. Тонел иншоотини сақлаш учун вақт меъёрлари,28,71,norm,8. Хўжалик ишлари,27-8-2,27-8-2,"Нон маҳсулотлари таёрлаш, цех мутахасислари",,Йил давомида,4072
27,27. Тонел иншоотини сақлаш учун вақт меъёрлари,28,72,heading,9. Қутқарув гуруҳи хизмати,,27-8-2,9. Қутқарув гуруҳи хизмати,,,
27,27. Тонел иншоотини сақлаш учун вақт меъёрлари,28,73,norm,9. Қутқарув гуруҳи хизмати,27-9-1,27-9-1,Ҳарбийлаштирилган тоғ-кон саноати қутқарув отряди (ВГЧС саноат тоғ-кон қутқарув хизмати гуруҳи) хизмати,,Йил давомида,16288
28,28. Автомобил йўллари техник ҳолатини диагностикадан ўтказиш ва баҳолаш ишларининг 1 км автомобил йўли учун вақт меъёрлари.,29,2,norm,,1,1,Тайёргарлик ишлари,К27-1,Одам/соат,"0,009"
28,28. Автомобил йўллари техник ҳолатини диагностикадан ўтказиш ва баҳолаш ишларининг 1 км автомобил йўли учун вақт меъёрлари.,29,3,norm,,2,2,"Кўчма йўл лаборатория тайёргарлик ишлари, иккала йўналишда (олдинга ва орқага).",К27-2,Одам/соат,"0,038"
28,28. Автомобил йўллари техник ҳолатини диагностикадан ўтказиш ва баҳолаш ишларининг 1 км автомобил йўли учун вақт меъёрлари.,29,4,norm,,2,2,Кўчма йўл лаборатория автомобили (КЙЛ),К27-2,Маш/соат,"0,018"
28,28. Автомобил йўллари техник ҳолатини диагностикадан ўтказиш ва баҳолаш ишларининг 1 км автомобил йўли учун вақт меъёрлари.,29,5,norm,,3,3,"Кўчма йўл лаборатория-сида (КЙЛ) ҳар икки йўналишда (тўғри ва тескари) йўлнинг панорамали видео тасвири, бўйлама ва кўндаланг қияликлар, режадаги эгри чизиқлар радиуси, бўйлама равонликни ва GPS-координаталарини қайд этиш",К27-3,Одам/соат,"0,634"
28,28. Автомобил йўллари техник ҳолатини диагностикадан ўтказиш ва баҳолаш ишларининг 1 км автомобил йўли учун вақт меъёрлари.,29,6,norm,,3,3,КЙЛ автомобили,К27-3,Маш/соат,"0,317"
28,28. Автомобил йўллари техник ҳолатини диагностикадан ўтказиш ва баҳолаш ишларининг 1 км автомобил йўли учун вақт меъёрлари.,29,7,norm,,4,4,Кўчма йўл лабораториясида ишларни якунлаш иккала йўналишда (тўғри ва тескари),К27-4,Одам/соат,"0,013"
28,28. Автомобил йўллари техник ҳолатини диагностикадан ўтказиш ва баҳолаш ишларининг 1 км автомобил йўли учун вақт меъёрлари.,29,8,norm,,4,4,КЙЛ автомобили,К27-4,Маш/соат,"0,006"
28,28. Автомобил йўллари техник ҳолатини диагностикадан ўтказиш ва баҳолаш ишларининг 1 км автомобил йўли учун вақт меъёрлари.,29,9,norm,,5,5,Дала-қидирув ишларига тайёргарлик ишлари (объектда),К27-5,Одам/соат,"0,207"
28,28. Автомобил йўллари техник ҳолатини диагностикадан ўтказиш ва баҳолаш ишларининг 1 км автомобил йўли учун вақт меъёрлари.,29,10,norm,,6,6,Кўндаланг профилнинг геометрик элементларини ўлчаш ишлари (ўлчовлар ҳар 1 километрда амалга оширилади),К27-6,Одам/соат,"0,207"
28,28. Автомобил йўллари техник ҳолатини диагностикадан ўтказиш ва баҳолаш ишларининг 1 км автомобил йўли учун вақт меъёрлари.,29,11,norm,,6,6,Автомобиль (мутахассис ва ускуналарни объектда олиб юриш учун),К27-6,Маш/соат,"0,069"
28,28. Автомобил йўллари техник ҳолатини диагностикадан ўтказиш ва баҳолаш ишларининг 1 км автомобил йўли учун вақт меъёрлари.,29,12,norm,,7,7,Илашиш коэффициен-тини ўлчаш ишлари (ўлчовлар ҳар 1 километрда амалга оширилади),К27-7,Одам/соат,"0,485"
28,28. Автомобил йўллари техник ҳолатини диагностикадан ўтказиш ва баҳолаш ишларининг 1 км автомобил йўли учун вақт меъёрлари.,29,13,norm,,7,7,Автомобиль (мутахассис ва ускуналарни объектда олиб юриш учун),К27-7,Маш/соат,"0,142"
28,28. Автомобил йўллари техник ҳолатини диагностикадан ўтказиш ва баҳолаш ишларининг 1 км автомобил йўли учун вақт меъёрлари.,29,14,norm,,8,8,Йўл тўшамаси конструкцияси қатламларини ўлчаш ишлари (ўлчовлар ҳар 1 километрда амалга оширилади),,,
28,28. Автомобил йўллари техник ҳолатини диагностикадан ўтказиш ва баҳолаш ишларининг 1 км автомобил йўли учун вақт меъёрлари.,29,15,norm,,8,8,- бир ёки икки тасмали автомобиль йўлларида,К27-8,Одам/соат,"1,966"
28,28. Автомобил йўллари техник ҳолатини диагностикадан ўтказиш ва баҳолаш ишларининг 1 км автомобил йўли учун вақт меъёрлари.,29,16,norm,,8,8,Автомобиль (мутахассис ва ускуналарни объектда олиб юриш учун),К27-8,Маш/соат,"0,699"
28,28. Автомобил йўллари техник ҳолатини диагностикадан ўтказиш ва баҳолаш ишларининг 1 км автомобил йўли учун вақт меъёрлари.,29,17,norm,,8,8,- тўрт тасмали (ёки ундан кўп) ажратувчи тасмали ва тўсиқли.,К27-8,Одам/соат,"3,932"
28,28. Автомобил йўллари техник ҳолатини диагностикадан ўтказиш ва баҳолаш ишларининг 1 км автомобил йўли учун вақт меъёрлари.,29,18,norm,,8,8,Автомобиль (мутахассис ва ускуналарни объектда олиб юриш учун),К27-8,Маш/соат,"1,398"
28,28. Автомобил йўллари техник ҳолатини диагностикадан ўтказиш ва баҳолаш ишларининг 1 км автомобил йўли учун вақт меъёрлари.,29,19,norm,,9,9,Йўл тўшамаси мустаҳкамлигини ўлчаш (статик усул) (ўлчовлар ҳар 1 километрда амалга оширилади),К27-9,,
28,28. Автомобил йўллари техник ҳолатини диагностикадан ўтказиш ва баҳолаш ишларининг 1 км автомобил йўли учун вақт меъёрлари.,29,20,norm,,9,9,- бир ёки икки тасмали автомобиль йўлларида,К27-9,Одам/соат,"0,904"
28,28. Автомобил йўллари техник ҳолатини диагностикадан ўтказиш ва баҳолаш ишларининг 1 км автомобил йўли учун вақт меъёрлари.,29,21,norm,,9,9,Автомобиль (мутахассис ва ускуналарни объектда олиб юриш учун),К27-9,Маш/соат,"0,335"
28,28. Автомобил йўллари техник ҳолатини диагностикадан ўтказиш ва баҳолаш ишларининг 1 км автомобил йўли учун вақт меъёрлари.,29,22,norm,,9,9,- тўрт тасмали (ёки ундан кўп) ажратувчи тасмали ва тўсиқли.,К27-9,Одам/соат,"1,808"
28,28. Автомобил йўллари техник ҳолатини диагностикадан ўтказиш ва баҳолаш ишларининг 1 км автомобил йўли учун вақт меъёрлари.,29,23,norm,,9,9,Автомобиль (мутахассис ва ускуналарни объектда олиб юриш учун),К27-9,Маш/соат,"0,670"
28,28. Автомобил йўллари техник ҳолатини диагностикадан ўтказиш ва баҳолаш ишларининг 1 км автомобил йўли учун вақт меъёрлари.,29,24,norm,,10,10,Кўндаланг равонликни ўлчаш ишлари,К27-10,Одам/соат,"0,604"
28,28. Автомобил йўллари техник ҳолатини диагностикадан ўтказиш ва баҳолаш ишларининг 1 км автомобил йўли учун вақт меъёрлари.,29,25,norm,,10,10,Автомобиль (мутахассис ва ускуналарни объектда олиб юриш учун),К27-10,Маш/соат,"0,302"
28,28. Автомобил йўллари техник ҳолатини диагностикадан ўтказиш ва баҳолаш ишларининг 1 км автомобил йўли учун вақт меъёрлари.,29,26,norm,,11,11,Ўртача суткалик ҳаракат жадаллигини ва транспорт оқими таркибини ўлчаш (авт/сут.) (авт/сут),К27-11,Одам/соат,"0,172"
28,28. Автомобил йўллари техник ҳолатини диагностикадан ўтказиш ва баҳолаш ишларининг 1 км автомобил йўли учун вақт меъёрлари.,29,27,norm,,11,11,Автомобиль (мутахассис ва ускуналарни объектда олиб юриш учун),К27-11,Маш/соат,"0,082"
28,28. Автомобил йўллари техник ҳолатини диагностикадан ўтказиш ва баҳолаш ишларининг 1 км автомобил йўли учун вақт меъёрлари.,29,28,norm,,12,12,Сунъий иншоотларни (кўприклар) текшириш,К27-12,Одам/соат,"0,909"
28,28. Автомобил йўллари техник ҳолатини диагностикадан ўтказиш ва баҳолаш ишларининг 1 км автомобил йўли учун вақт меъёрлари.,29,29,norm,,12,12,Автомобиль (мутахассис ва ускуналарни объектда олиб юриш учун),К27-12,Маш/соат,"0,303"
28,28. Автомобил йўллари техник ҳолатини диагностикадан ўтказиш ва баҳолаш ишларининг 1 км автомобил йўли учун вақт меъёрлари.,29,30,norm,,13,13,Қувурни текшириш,К27-13,Одам/соат,"0,774"
28,28. Автомобил йўллари техник ҳолатини диагностикадан ўтказиш ва баҳолаш ишларининг 1 км автомобил йўли учун вақт меъёрлари.,29,31,norm,,13,13,Автомобиль (мутахассис ва ускуналарни объектда олиб юриш учун),К27-13,Маш/соат,"0,258"
28,28. Автомобил йўллари техник ҳолатини диагностикадан ўтказиш ва баҳолаш ишларининг 1 км автомобил йўли учун вақт меъёрлари.,29,32,norm,,14,14,Таянч деворларни ўлчаш,К27-14,Одам/соат,"0,032"
28,28. Автомобил йўллари техник ҳолатини диагностикадан ўтказиш ва баҳолаш ишларининг 1 км автомобил йўли учун вақт меъёрлари.,29,33,norm,,14,14,Автомобиль (мутахассис ва ускуналарни объектда олиб юриш учун),К27-14,Маш/соат,"0,016"
28,28. Автомобил йўллари техник ҳолатини диагностикадан ўтказиш ва баҳолаш ишларининг 1 км автомобил йўли учун вақт меъёрлари.,29,34,norm,,15,15,"Йўл тўшамаси конструкцияси ва кўндаланг равонлиги, йўл тўшамаси мустаҳкамлигини (статик усул), сунъий иншоотларни (кўприклар, қувурлар ва таянч деворлари) ва кўндаланг профилнинг геометрик элементлари ва ишқаланиш коэффициентларини ўлчаш бўйича ишларни бажариш учун ишчи гуруҳнинг бир ўлчов пунктидан иккинчи ўлчов пунктига 30 км/соат тезликда ҳаракатланиши.",К27-15,,
28,28. Автомобил йўллари техник ҳолатини диагностикадан ўтказиш ва баҳолаш ишларининг 1 км автомобил йўли учун вақт меъёрлари.,29,35,norm,,15,15,- бир ёки икки тасмали автомобиль йўлларида,К27-15,Одам/соат,"0,546"
28,28. Автомобил йўллари техник ҳолатини диагностикадан ўтказиш ва баҳолаш ишларининг 1 км автомобил йўли учун вақт меъёрлари.,29,36,norm,,15,15,Автомобиль (мутахассис ва ускуналарни объектда олиб юриш учун),К27-15,Маш/соат,"0,156"
28,28. Автомобил йўллари техник ҳолатини диагностикадан ўтказиш ва баҳолаш ишларининг 1 км автомобил йўли учун вақт меъёрлари.,29,37,norm,,15,15,- тўрт тасмали (ёки ундан кўп) ажратувчи тасмали ва тўсиқли.,К27-15,Одам/соат,"0,975"
28,28. Автомобил йўллари техник ҳолатини диагностикадан ўтказиш ва баҳолаш ишларининг 1 км автомобил йўли учун вақт меъёрлари.,29,38,norm,,15,15,Автомобиль (мутахассис ва ускуналарни объектда олиб юриш учун),К27-15,Маш/соат,"0,273"
28,28. Автомобил йўллари техник ҳолатини диагностикадан ўтказиш ва баҳолаш ишларининг 1 км автомобил йўли учун вақт меъёрлари.,29,39,norm,,16,16,Дала-қидирув ишлари бўйича якуний ишлар,К27-16,Одам/соат,"0,199"
28,28. Автомобил йўллари техник ҳолатини диагностикадан ўтказиш ва баҳолаш ишларининг 1 км автомобил йўли учун вақт меъёрлари.,29,40,norm,,17,17,Маълумотларни камерал қайта ишлаш ва дала-қидирув ишлари натижаларини таҳлил қилиш,К27-17,Одам/соат,"8,141"
28,28. Автомобил йўллари техник ҳолатини диагностикадан ўтказиш ва баҳолаш ишларининг 1 км автомобил йўли учун вақт меъёрлари.,29,41,norm,,18,18,Ҳисобот тайёрлаш,К27-18,Одам/соат,"0,015"
28,28. Автомобил йўллари техник ҳолатини диагностикадан ўтказиш ва баҳолаш ишларининг 1 км автомобил йўли учун вақт меъёрлари.,29,42,heading,Умумий вақт меъёрлари,,18,Умумий вақт меъёрлари,,,
28,28. Автомобил йўллари техник ҳолатини диагностикадан ўтказиш ва баҳолаш ишларининг 1 км автомобил йўли учун вақт меъёрлари.,29,43,variant_or_continuation,Умумий вақт меъёрлари,,18,бир ёки икки тасмали автомобиль йўлларида,,Одам/соат,"15,855"
28,28. Автомобил йўллари техник ҳолатини диагностикадан ўтказиш ва баҳолаш ишларининг 1 км автомобил йўли учун вақт меъёрлари.,29,44,variant_or_continuation,Умумий вақт меъёрлари,,18,Автомобиллар,,Маш/соат,"2,703"
28,28. Автомобил йўллари техник ҳолатини диагностикадан ўтказиш ва баҳолаш ишларининг 1 км автомобил йўли учун вақт меъёрлари.,29,45,variant_or_continuation,Умумий вақт меъёрлари,,18,- тўрт тасмали (ёки ундан кўп) ажратувчи тасмали ва тўсиқли.,,Одам/соат,"19,154"
28,28. Автомобил йўллари техник ҳолатини диагностикадан ўтказиш ва баҳолаш ишларининг 1 км автомобил йўли учун вақт меъёрлари.,29,46,variant_or_continuation,Умумий вақт меъёрлари,,18,Автомобиллар,,Маш/соат,"3,854"
29,29. Автомобил йўлларини йўл ҳаракатини ташкил этилганлиги юзасидан аудитдан ўтказиш ишларининг 1 км автомобил йўли учун вақт меъёрлари.,30,2,norm,,1,1,"Видеотасвирга олинган автомобил йўлининг параметрларини аниқлаш (кенглиги, эгрилиги, мавжуд йўл элементлари, ҳаракатни ташкил этишнинг техник воситалари, шунингдек йўл худудида жойлашган йўл ҳаракати хавфсизлигини ташкил этиш билан боғлиқ бўлмаган турли объектлар):",К28-1,,
29,29. Автомобил йўлларини йўл ҳаракатини ташкил этилганлиги юзасидан аудитдан ўтказиш ишларининг 1 км автомобил йўли учун вақт меъёрлари.,30,3,norm,,1,1,- бир ва икки тасмали автомобил йўлларида,К28-1,Одам/соат,"0,760"
29,29. Автомобил йўлларини йўл ҳаракатини ташкил этилганлиги юзасидан аудитдан ўтказиш ишларининг 1 км автомобил йўли учун вақт меъёрлари.,30,4,norm,,1,1,- Ажратувчи тасма ва йўл тўсиғига эга бўлган тўрт тасмали (ёки ундан ортиқ тасмали) автомобил йўлларда,К28-1,Одам/соат,"0,862"
29,29. Автомобил йўлларини йўл ҳаракатини ташкил этилганлиги юзасидан аудитдан ўтказиш ишларининг 1 км автомобил йўли учун вақт меъёрлари.,30,5,norm,,2,2,Аниқланган маълумотларни компьютерга киритиш:,К28-2,,
29,29. Автомобил йўлларини йўл ҳаракатини ташкил этилганлиги юзасидан аудитдан ўтказиш ишларининг 1 км автомобил йўли учун вақт меъёрлари.,30,6,norm,,2,2,- бир ва икки тасмали автомобил йўлларида,К28-2,Одам/соат,"0,294"
29,29. Автомобил йўлларини йўл ҳаракатини ташкил этилганлиги юзасидан аудитдан ўтказиш ишларининг 1 км автомобил йўли учун вақт меъёрлари.,30,7,norm,,2,2,- Ажратувчи тасма ва йўл тўсиғига эга бўлган тўрт тасмали (ёки ундан ортиқ тасмали) автомобил йўлларда,К28-2,Одам/соат,"0,394"
29,29. Автомобил йўлларини йўл ҳаракатини ташкил этилганлиги юзасидан аудитдан ўтказиш ишларининг 1 км автомобил йўли учун вақт меъёрлари.,30,8,norm,,3,3,"Мавжуд чорраҳалар, пиёдалар ўтиш жойлари параметрларини ўлчаш ва уларнинг жойлашуви ва ҳолати тўғрисидаги маълумотларни компьютерга киритиш:",К28-3,,
29,29. Автомобил йўлларини йўл ҳаракатини ташкил этилганлиги юзасидан аудитдан ўтказиш ишларининг 1 км автомобил йўли учун вақт меъёрлари.,30,9,norm,,3,3,- бир ва икки тасмали автомобил йўлларида,К28-3,Одам/соат,"0,376"
29,29. Автомобил йўлларини йўл ҳаракатини ташкил этилганлиги юзасидан аудитдан ўтказиш ишларининг 1 км автомобил йўли учун вақт меъёрлари.,30,10,norm,,3,3,- Ажратувчи тасма ва йўл тўсиғига эга бўлган тўрт тасмали (ёки ундан ортиқ тасмали) автомобил йўлларда,К28-3,Одам/соат,"0,474"
29,29. Автомобил йўлларини йўл ҳаракатини ташкил этилганлиги юзасидан аудитдан ўтказиш ишларининг 1 км автомобил йўли учун вақт меъёрлари.,30,11,norm,,4,4,Видеотасвирда аниқлаб бўлмайдиган йўл элементларига жойига чиқиб аниқлик киритиш:,К28-4,,
29,29. Автомобил йўлларини йўл ҳаракатини ташкил этилганлиги юзасидан аудитдан ўтказиш ишларининг 1 км автомобил йўли учун вақт меъёрлари.,30,12,norm,,4,4,- бир ва икки тасмали автомобил йўлларида,К28-4,Одам/соат,"1,089"
29,29. Автомобил йўлларини йўл ҳаракатини ташкил этилганлиги юзасидан аудитдан ўтказиш ишларининг 1 км автомобил йўли учун вақт меъёрлари.,30,13,norm,,4,4,Енгил автомобил,К28-4,Маш/соат,"0,363"
29,29. Автомобил йўлларини йўл ҳаракатини ташкил этилганлиги юзасидан аудитдан ўтказиш ишларининг 1 км автомобил йўли учун вақт меъёрлари.,30,14,norm,,4,4,- Ажратувчи тасма ва йўл тўсиғига эга бўлган тўрт тасмали (ёки ундан ортиқ тасмали) автомобил йўлларда,К28-4,Одам/соат,"1,287"
29,29. Автомобил йўлларини йўл ҳаракатини ташкил этилганлиги юзасидан аудитдан ўтказиш ишларининг 1 км автомобил йўли учун вақт меъёрлари.,30,15,norm,,4,4,Енгил автомобил,К28-4,Маш/соат,"0,429"
29,29. Автомобил йўлларини йўл ҳаракатини ташкил этилганлиги юзасидан аудитдан ўтказиш ишларининг 1 км автомобил йўли учун вақт меъёрлари.,30,16,norm,,5,5,"Йиғилган маълумотларни қайта ишлаш, уларни график ва жадвал кўринишида расмийлаштириш, тайёр маълумотларни текшириш ва электрон шаклда тақдим этиш:",К28-5,,
29,29. Автомобил йўлларини йўл ҳаракатини ташкил этилганлиги юзасидан аудитдан ўтказиш ишларининг 1 км автомобил йўли учун вақт меъёрлари.,30,17,norm,,5,5,- бир ва икки тасмали автомобил йўлларида,К28-5,Одам/соат,"0,636"
29,29. Автомобил йўлларини йўл ҳаракатини ташкил этилганлиги юзасидан аудитдан ўтказиш ишларининг 1 км автомобил йўли учун вақт меъёрлари.,30,18,norm,,5,5,- Ажратувчи тасма ва йўл тўсиғига эга бўлган тўрт тасмали (ёки ундан ортиқ тасмали) автомобил йўлларда,К28-5,Одам/соат,"0,784"
29,29. Автомобил йўлларини йўл ҳаракатини ташкил этилганлиги юзасидан аудитдан ўтказиш ишларининг 1 км автомобил йўли учун вақт меъёрлари.,30,19,heading,Умумий вақт меъёрлари.,,5,Умумий вақт меъёрлари.,,,
29,29. Автомобил йўлларини йўл ҳаракатини ташкил этилганлиги юзасидан аудитдан ўтказиш ишларининг 1 км автомобил йўли учун вақт меъёрлари.,30,20,variant_or_continuation,Умумий вақт меъёрлари.,,5,- бир ва икки тасмали автомобил йўлларида,,Одам/соат,"3,155"
29,29. Автомобил йўлларини йўл ҳаракатини ташкил этилганлиги юзасидан аудитдан ўтказиш ишларининг 1 км автомобил йўли учун вақт меъёрлари.,30,21,variant_or_continuation,Умумий вақт меъёрлари.,,5,Енгил автомобил,,Маш/соат,"0,363"
29,29. Автомобил йўлларини йўл ҳаракатини ташкил этилганлиги юзасидан аудитдан ўтказиш ишларининг 1 км автомобил йўли учун вақт меъёрлари.,30,22,variant_or_continuation,Умумий вақт меъёрлари.,,5,- Ажратувчи тасма ва йўл тўсиғига эга бўлган тўрт тасмали (ёки ундан ортиқ тасмали) автомобил йўлларда,,Одам/соат,"3,801"
29,29. Автомобил йўлларини йўл ҳаракатини ташкил этилганлиги юзасидан аудитдан ўтказиш ишларининг 1 км автомобил йўли учун вақт меъёрлари.,30,23,variant_or_continuation,Умумий вақт меъёрлари.,,5,Енгил автомобил,,Маш/соат,"0,429"
